:020000040800F2
:1000000000060020E1020008E3020008E302000805
:10001000E3020008E3020008E3020008E30200082C
:10002000E3020008E3020008E30200080D7900087B
:10003000E3020008E3020008E3020008E30200080C
:10004000E3020008E3020008E3020008E3020008FC
:10005000E3020008E3020008E3020008E3020008EC
:10006000E3020008E3020008E30200082547000855
:100070004D47000879470008A5470008D147000808
:10008000F947000825480008E3020008E3020008D9
:10009000E3020008E3020008E3020008E3020008AC
:1000A000E3020008E3020008E3020008E30200089C
:1000B000E3020008E3020008E3020008E30200088C
:1000C000E3020008E3020008E3020008E30200087C
:1000D000E3020008E3020008E3020008E1880008E8
:1000E000E3020008E3020008E3020008E30200085C
:1000F000E3020008E3020008E30200085148000898
:10010000E3020008E30200081D890008E30200087A
:10011000E3020008F5880008E3020008E302000893
:100120007D480008A5480008D1480008FD4800089F
:1001300029490008E3020008E3020008E30200087E
:10014000E3020008E3020008E3020008E3020008FB
:10015000514900087D490008A9490008E302000848
:10016000E3020008E3020008E3020008E3020008DB
:10017000E3020008A5850008E3020008E302000886
:10018000E3020008E302000809890008E30200080E
:10019000E3020008E3020008E3020008E3020008AB
:1001A000E3020008E3020008E3020008E30200089B
:1001B000E3020008E3020008E3020008E30200088B
:1001C000E3020008E3020008E3020008E30200087B
:1001D000E302000891850008E3020008E30200083A
:1001E000E3020008E3020008E3020008E30200085B
:1001F000E3020008E3020008E3020008E30200084B
:10020000E3020008E3020008E3020008E30200083A
:10021000E3020008E3020008E3020008E30200082A
:10022000E3020008E3020008E3020008E30200081A
:10023000CD880008E3020008E3020008E30200089A
:10024000E3020008E3020008E3020008E3020008FA
:10025000E3020008E3020008E3020008E3020008EA
:10026000E3020008E3020008E3020008E3020008DA
:10027000E3020008E3020008E3020008E3020008CA
:10028000E3020008E3020008E3020008E3020008BA
:10029000E3020008E3020008E3020008E3020008AA
:1002A000E3020008E3020008E3020008E30200089A
:1002B000E3020008E3020008E3020008E30200088A
:1002C000E3020008E3020008E3020008E30200087A
:1002D000E3020008E3020008E3020008E30200086A
:1002E00002E000F000F8FEE772B6374880F30888B5
:1002F000364880F3098836483649086040F20000E5
:10030000CCF200004EF63471CEF200010860BFF36B
:100310004F8FBFF36F8F40F20000C0F2F0004EF637
:100320008851CEF200010860BFF34F8FBFF36F8F8B
:100330004FF00000E1EE100A4EF63C71CEF20001E3
:100340000860022080F31488BFF36F8F07F040FB32
:1003500006F094FC4FF055301F491B4A91423CBFB8
:1003600041F8040BFAE71D49184A91423CBF41F895
:10037000040BFAE71A491B4A1B4B9A423EBF51F83D
:10038000040B42F8040BF8E700201849184A914280
:100390003CBF41F8040BFAE707F058FB06F0F2FC0B
:1003A000144C154DAC4203DA54F8041B8847F9E7A6
:1003B00000F0C4F9114C124DAC4203DA54F8041B9E
:1003C0008847F9E707F040BB000600200022002024
:1003D0000000000808ED00E00000002000060020FA
:1003E000A89D00080022002074220020782200200E
:1003F000B4660020E0020008E0020008E002000805
:10040000E00200082DE9F04F2DED108AC1F80CD064
:10041000D0F80CD0BDEC108ABDE8F08F002383F338
:1004200011882846A047002006F00AFAFEE706F0E9
:100430005DF900DFFEE7000053B94AB9002908BFA3
:1004400000281CBF4FF0FF314FF0FF3000F074B9AF
:10045000ADF1080C6DE904CE00F006F8DDF804E01B
:10046000DDE9022304B070472DE9F047089D0446FA
:100470008E46002B4DD18A42944669D9B2FA82F257
:1004800052B101FA02F3C2F1200120FA01F10CFA93
:1004900002FC41EA030E94404FEA1C48210CBEFBCB
:1004A000F8F61FFA8CF708FB16E341EA034306FB54
:1004B00007F199420AD91CEB030306F1FF3080F0E3
:1004C0001F81994240F21C81023E63445B1AA4B230
:1004D000B3FBF8F008FB103344EA034400FB07F7D2
:1004E000A7420AD91CEB040400F1FF3380F00A8113
:1004F000A74240F207816444023840EA0640E41B08
:1005000000261DB1D4400023C5E900433146BDE8B3
:10051000F0878B4209D9002D00F0EF800026C5E955
:10052000000130463146BDE8F087B3FA83F6002E6D
:100530004AD18B4202D3824200F2F980841A61EBE5
:10054000030301209E46002DE0D0C5E9004EDDE703
:1005500002B9FFDEB2FA82F2002A40F09280A1EBEB
:100560000C014FEA1C471FFA8CFE0126200CB1FB40
:10057000F7F307FB131140EA01410EFB03F0884239
:1005800008D91CEB010103F1FF3802D2884200F2C6
:10059000CB804346091AA4B2B1FBF7F007FB101158
:1005A00044EA01440EFB00FEA64508D91CEB0404F6
:1005B00000F1FF3102D2A64500F2BB800846A4EB51
:1005C0000E0440EA03409CE7C6F12007B34022FA3C
:1005D00007FC4CEA030C20FA07F401FA06F31C436B
:1005E000F9404FEA1C4900FA06F3B1FBF9F8200C78
:1005F0001FFA8CFE09FB181140EA014108FB0EF0BE
:10060000884202FA06F20BD91CEB010108F1FF3A0D
:1006100080F08880884240F28580A8F10208614419
:10062000091AA4B2B1FBF9F009FB101144EA014127
:1006300000FB0EFE8E4508D91CEB010100F1FF34D2
:100640006CD28E456AD90238614440EA0840A0FB6A
:100650000294A1EB0E01A142C846A64656D353D040
:100660005DB1B3EB080261EB0E0101FA07F722FA64
:1006700006F3F1401F43C5E9007100263146BDE88D
:10068000F087C2F12003D8400CFA02FC21FA03F3F0
:10069000914001434FEA1C471FFA8CFEB3FBF7F071
:1006A00007FB10360B0C43EA064300FB0EF69E4296
:1006B00004FA02F408D91CEB030300F1FF382FD22F
:1006C0009E422DD9023863449B1B89B2B3FBF7F6D7
:1006D00007FB163341EA034106FB0EF38B4208D9B0
:1006E0001CEB010106F1FF3816D28B4214D9023EF1
:1006F0006144C91A46EA004638E72E46284605E70F
:100700000646E3E61846F8E64B45A9D2B9EB0208DF
:1007100064EB0C0E0138A3E74646EAE7204694E76F
:100720004046D1E7D0467BE7023B614432E73046A2
:1007300009E76444023842E7704700BF38B501F06A
:10074000EBF901F0B9FB06F0BDFF054607F0D0F864
:100750000446D0B90F4B9D4219D001339D4241F25E
:10076000883504BF01240025002006F0B5FF0CB138
:1007700000F076F801F040FB00F012FD08B100F047
:100780006FF8284600F01AF9F9E70025ECE705466E
:10079000EAE700BF010007B008B501F089F9A0F150
:1007A00020035842584108BD07B5042101900DEBC4
:1007B000010001F09BF903B05DF804FB38B530236C
:1007C00083F31188174803680BB106F01DF9002365
:1007D000154A4FF47A71134806F00CF9002383F39D
:1007E0001188124C236813B12368013B23606368AE
:1007F00013B16368013B63600D4D2B7833B96368B7
:100800007BB9022001F05AFA322363602B78032B64
:1008100007D163682BB9022001F050FA4FF47A73C4
:10082000636038BD78220020BD07000898230020AF
:1008300090220020084B187003280CD8DFE800F045
:1008400008050208022001F02BBA022001F018BAB4
:10085000024B00225A60704790220020982300200B
:10086000F8B5504B504A1C461968013100F0998088
:1008700004339342F8D162684C4B9A4240F2918023
:100880004B4B9B6803F1006303F500339A4280F001
:100890008880002001F066F90220FFF7CBFF454B6E
:1008A0000021D3F8E820C3F8E810D3F81021C3F8EA
:1008B0001011D3F81021D3F8EC20C3F8EC10D3F8C2
:1008C0001421C3F81411D3F81421D3F8F020C3F87D
:1008D000F010D3F81821C3F81811D3F81821D3F861
:1008E000802042F00062C3F88020D3F8802022F0FC
:1008F0000062C3F88020D3F88020D3F8802042F033
:100900000072C3F88020D3F8802022F00072C3F870
:100910008020D3F8803072B64FF0E023C3F8084D42
:10092000D4E90004BFF34F8FBFF36F8F224AC2F8A0
:100930008410BFF34F8F536923F480335361BFF3A7
:100940004F8FD2F8803043F6E076C3F3C905C3F386
:100950004E335B0103EA060C29464CEA81770139E4
:10096000C2F87472F9D2203B13F1200FF2D1BFF319
:100970004F8FBFF36F8FBFF34F8FBFF36F8F5369ED
:1009800023F4003353610023C2F85032BFF34F8F7A
:10099000BFF36F8F302383F31188854680F3088877
:1009A0002047F8BD0000020820000208FFFF0108F0
:1009B000002200200044025800ED00E02DE9F04F35
:1009C00095B0DFF8D8922022FF21029004A8D9F830
:1009D000085001F0BBF9A84A1378A3B90121A74830
:1009E00011700360302383F3118803680BB106F0A4
:1009F0000BF80023A24A4FF47A71A04805F0FAFFE1
:100A0000002383F31188029B13B19E4B029A1A6054
:100A10009D4A1378032B03D000231370994A536027
:100A20004FF0000B029C5E46DA46CDF804B0012080
:100A300001F036F924B1934B1B68002B00F028829B
:100A4000002001F035F8B0F10008F3DB012001F0DF
:100A500017F9A8F121031F2BE9D801A252F823F0BE
:100A6000E10A0008FD0A00088B0B00082F0A0008A5
:100A70002F0A00082F0A0008150C0008070E0008AE
:100A8000F90C0008550D00087B0D0008A10D0008A9
:100A90002F0A0008B30D0008D70D00084F0E0008FC
:100AA000690B00082F0A0008970E0008ED0A0008DD
:100AB000690B00082F0A0008550D00082F0A0008CE
:100AC0002F0A00082F0A00082F0A00082F0A000822
:100AD0002F0A00082F0A00082F0A00088B0B0008B5
:100AE0000220FFF759FE002840F0FF81029B0221FF
:100AF0006648BBF1000F08BF1C4640E04FF47A7017
:100B000000F0D6FF071EF1DB0220FFF745FE0028AC
:100B1000ECD0013F052F00F2EA81DFE807F0030780
:100B20000A0D10330520FFF73FFE14E0D9F800004E
:100B3000F9E7D9F80400F6E7D9F80800F3E74FF031
:100B40001C08404608F1040801F00EF8FFF72CFEDF
:100B5000B8F12C0FF5D10120019B4FF0000A00FAEB
:100B600007F71F43FBB2019301F03CF92EB1019B43
:100B700003F00B030B2B08BF00240221444800F0B4
:100B8000B5FF54E7D9F80C00CDE7002EAED0019B9D
:100B900003F00B030B2BA9D10220FFF7FDFD074645
:100BA0000028A3D00120002600F0DCFF0220FFF780
:100BB00041FE1FFA86FB584600F0E4FF044688B168
:100BC000A8F14002584601365142514100F0EAFF77
:100BD0000028EED1BB46044602212E483E4600F0D6
:100BE00085FF24E725460120FFF724FED9F80830C9
:100BF000AB4207D9284600F0B7FF013040F07A81B8
:100C00000435F3E70025204BBB463E461D701D4BC7
:100C10005D60A9E7002E3FF469AF019B03F00B0371
:100C20000B2B7FF463AF0220FFF704FE322000F0AD
:100C30003FFFB0F10008FFF659AF18F003077FF44B
:100C400055AF08EB0503D9F8082093423FF64EAFA5
:100C5000B8F5807F3FF74AAF0F4BB84503931FDDD0
:100C60004FF47A7000F024FF0028FFF63FAF039B9B
:100C7000013703F8010BF0E79423002078220020CD
:100C8000BD070008982300209022002054930008FC
:100C90004C9300085093000894220020002200206A
:100CA000C820FFF779FD074600283FF41FAF1F2D2E
:100CB00011D8C5F1200204AB25F003008F4942454D
:100CC000184428BF4246039201F01AF8039AFF2104
:100CD0008A4801F03BF84FEAA803C8F38702874926
:100CE0002846039301F03AF8064600283FF474AF13
:100CF000039B05EB830537E70220FFF74DFD002836
:100D00003FF4F4AE00F06CFF00283FF4EFAE002794
:100D1000B846D9F80830BB4218D91F2F11D8049B08
:100D200001330ED027F0030350336B4453F8403C9B
:100D30000C93404604220CA9043701F055F9804673
:100D4000E7E7384600F010FF0C90F2E74046FFF767
:100D50002BFD09E7002364210CA80C9300F0BCFED6
:100D600000287FF4C3AE0220FFF716FD00283FF4F1
:100D7000BDAE0C9800F02AFFE9E7002364210CA81F
:100D80000C9300F0A9FE00287FF4B0AE0220FFF71C
:100D900003FD00283FF4AAAE0C9800F019FFD6E737
:100DA0000220FFF7F9FC00283FF4A0AE00F028FF76
:100DB000CDE70220FFF7F0FC00283FF497AE0CA926
:100DC000142000F023FF0390FFF7EEFC03990CA81A
:100DD00000F08CFEC8E60220FFF7DEFC00283FF49E
:100DE00085AE474B0CAF03F1100C1868083353F86D
:100DF000041C3A46634503C21746F6D11020FFF79C
:100E0000D3FC1021E3E7322000F052FE071EFFF66C
:100E10006DAEBB077FF46AAE07EB0A03D9F8082072
:100E200093423FF663AE0220FFF7B6FC00283FF482
:100E30005DAE27F003075744BA453FF495AE5046E0
:100E40000AF1040A00F090FEFFF7AEFCF4E74FF45D
:100E50007A70FFF7A1FC00283FF448AE00F0C0FE16
:100E6000002849D0049B01330BD0082204A900209C
:100E700000F074FF00283FD02022FF2104A800F0DA
:100E800065FF2048022100F031FE1F4805F0DEFC1E
:100E900015B0BDE8F08F002E3FF428AE019B03F0A3
:100EA0000B030B2B7FF422AE002364210CA80C93C0
:100EB00000F012FE074600287FF418AE0220FFF76C
:100EC0006BFC804600283FF411AE02210D4800F073
:100ED0000DFE41F2883005F0B9FC0C9800F0CAFF15
:100EE00046463C4600F07EFFA1E506463CE64FF054
:100EF000000AFBE5BB466FE637466DE6942200200C
:100F0000389300084C930008A08601007047000049
:100F1000704700007047000038B505461446084683
:100F20000322064900F0F6FE38B905F10802204612
:100F30001021BDE8384001F083B838BD589300084F
:100F40002DE9F04100F58037044616463B7C5BB93D
:100F5000C0681030204400F0D3FEE5683544B5F594
:100F6000004FE56002D816B1BDE8F081DEB905F0AA
:100F70007F0605F110000021C6F180062044F6B27C
:100F800032462E4400F0E2FEA06804F1100832461A
:100F900000F10060414600F5003006F033F930B949
:100FA00001233B74E0E74FF400463546ECE7A268C6
:100FB00005F11001404632442144A260E268521B10
:100FC000E26000F09DFE0220BDE8F04100F076BE38
:100FD000183000F0B9BC000010B5044601F05AF812
:100FE000204610BD10B5044601F054F8204610BD4F
:100FF0002DE9F04FADF53F7D0746416801222AA853
:1010000002F03CFF002840F0878006468246814679
:101010001125DFF80C81DFF80CB101AB4FF48052E1
:1010200041462AA803F08AF8002875D1019AB2F542
:10103000805F71D8002A65D00446019A9442ECD2B0
:10104000282D0FD008DC132D2DD01E2D39D0112DB9
:1010500013D00134A4B2F0E7322D2DD0372D2FD08C
:101060002D2DF6D13B68121B08EB040138461B6995
:101070002D259847BDF80440EBE7121B022A09D939
:10108000594608EB040000F045FE18B90234282543
:10109000A4B2DEE718F804303A2B3DD00A2B1CBF6F
:1010A000A1461325D5E718F804300A2B34D03A2B83
:1010B00004BFA2463225CCE718F80430202BC8D054
:1010C000264618F804300A2B1AD1AAEB090208EBBD
:1010D000090102A811254F2A28BF4F2208F018F94C
:1010E000A21B08EB060116A84F2A28BF4F2208F0C2
:1010F0000FF93B6816AA02A9DB6838469847A8E7AB
:101100001E25A6E73B68384604491B69984701201D
:101110000DF53F7DBDE8F08F0020F9E75A940008F7
:10112000A02300205C93000800F1180110B50446CC
:1011300086B00846019100F0F1FB2046FFF758FF0A
:1011400060B1019902A800F049FC102204F10801E5
:1011500002A808F09DF8B0FA80F0400906B010BD72
:1011600070B504460025EEB2304600F00BFD58B1D4
:1011700000213046013500F015FD08B9002070BD92
:10118000022000F09BFDEEE72046FFF731FF00282C
:10119000F4D004F58034207C80F00100EFE70000FB
:1011A000F0B5C9B006F0A6FA00F090FF18B9002516
:1011B000284649B0F0BD69462A4803F081F8002866
:1011C0004BD1294C204603F0ABF8284803F0A8F88F
:1011D000274803F0A5F82146224803F01DF900280E
:1011E000E5D1702000F050FF064610B1214B44605D
:1011F0000360336830469B689847054600282ED028
:101200001A4F1948394603F007F905460028CED190
:10121000194800F039FF044638B1184B47600360A5
:1012200000F58033C0E902551D74236820469B6891
:101230009847054628B10E490C4803F0EDF8002800
:10124000B5D1336830465B6898471CB123682046A7
:101250005B68984700F022FFAAE70025FAE70446FA
:10126000EFE700BF609300087093000887930008C1
:101270009D930008C093000814000100DC9300084F
:101280002DE9F04FD44A8DB00B68D0F804A001933B
:101290001A440368D14E1A44D1F81C90DFF8B4C345
:1012A000DFF8B4B3D0E90234634003EA0A036340D1
:1012B00013444A6802920AEB7363029CC84A2244B0
:1012C000C468224484688AEA04051D4065401544C8
:1012D0008A68039203EB3555039CC24A2244846812
:1012E00022448AEA03042C4084EA0A041444CA68AB
:1012F00005EBF4340492164483EA05022240564476
:101300005A4032440E69059604EBB222059FB64E50
:101310003E441E4485EA040313406B4033444E6947
:10132000069602EB7363069FB04E3E442E4484EA59
:1013300002051D40654035448E69079603EB35551F
:10134000079FAB4E3E44264482EA03042C4054409F
:101350003444A84E4E4405EBF434164483EA0502A7
:1013600022405A4032440E6A089604EBB222089F8B
:10137000A14E3E441E4485EA040313406B403344AF
:101380004E6A099602EB7363099F9C4ED1F830E0D8
:101390003E44D1F83880F3442E4484EA02051D40CF
:1013A000654035448E6AA6F5244703EB35550A9609
:1013B0004F3F274482EA03042C4054403C44CF6A08
:1013C0000B9705EBF4340B9E8D4F3744029E174468
:1013D00083EA050222405A403A448A4F774404EB9C
:1013E000B2221F4485EA040313406B403B444F6B19
:1013F000BC4402EB7363654484EA020C0CEA030C00
:101400008CEA040C6544DFF854C2C44403EB355540
:10141000A44482EA03042C4054406444D1F83CC004
:10142000794905EBF4346144114483EA0502224012
:101430005A400A44754904EBB2223144079E1944CC
:1014400084EA02032B4063400B44714902EBF363CF
:1014500031440B9E0D4482EA03012140514029444E
:101460006C4D03EBF1513544019E254483EA0104A0
:1014700014405C402C44684D01EBB4443544069E56
:10148000154481EA04021A404A402A44634D04EBA1
:10149000323235440A9E1D4484EA02030B40634005
:1014A0002B445F4D02EBF3633544059E0D4482EA05
:1014B00003012140514029445A4D03EBF151654449
:1014C000254483EA010414405C402C44564D01EB52
:1014D000B4443544099E154481EA04021A404A4046
:1014E0002A44524D04EB32323544049E1D4484EAB2
:1014F00002030B4063402B444D4D02EBF363454424
:101500000D4482EA0301214051402944494D03EB37
:10151000F1513544089E2C4483EA010515405D4095
:101520002C44454D01EBB4443544039E2A4481EAE2
:1015300004051D404D402A44404D04EB32323D44E9
:101540002B4484EA020593440D4065402B443C4DF6
:1015500002EBF3633544069E294482EA03052540E5
:1015600055402944374D03EBF1514D442C4483EA57
:10157000010515405D40254401EBB54581EA0504B0
:1015800004EA03024A405A44A6F5B82B089E05EB2C
:101590003232ABF2BE6B54405B4423442A4C344499
:1015A00002EB33730B9E0C4485EA0201594021443F
:1015B000264C344403EB7151029E254482EA030415
:1015C0004C402544224C444401EB3545144483EA05
:1015D00001026A40224443E078A46AD7EECEBDC13E
:1015E00056B7C7E8DB702024AF0F7CF52AC68747C3
:1015F000134630A8019546FDD8988069AFF7448B13
:10160000BED75C892211906B2108B44962251EF671
:1016100040B340C0515A5E26AAC7B6E95D102FD626
:101620005314440281E6A1D8C8FBD3E7E6CDE121FB
:10163000D60737C3870DD5F4ED145A4505E9E3A95C
:10164000F8A3EFFCD9026F6781F6718722619D6D67
:101650000C38E5FD937198FD8A4C2A8D8E4379A64E
:10166000934C344405EB7222059E1C4481EA050329
:10167000534023448F4C344402EB33730A9E0C4492
:1016800085EA0201594021448B4C4C4403EB7151D3
:10169000254482EA03044C402C44884D354401EB38
:1016A0003444019E154483EA010262402A44844D79
:1016B0003D4404EB72221D4481EA040353402B4451
:1016C000804D354402EB3373049E294484EA0205BD
:1016D0005D4029447C4D354403EB7151079E254400
:1016E00082EA03044C402C44784D354401EB3444E9
:1016F000099E2A4483EA010565401544744A324430
:1017000004EB7525039E134481EA04026A401A44DF
:10171000704B734405EB32720B4484EA050151406F
:1017200019446D4B634402EB71511C4485EA02037A
:101730004B401C44694B334401EB3444019E1D442F
:1017400082EA010363402B44654D04EB7323354467
:10175000069E154463EA010262402A44614D03EB90
:10176000B2624D4462EA040929445F4D89EA0309E3
:10177000454449442C445D4D02EBB1513544049E2F
:1017800061EA03081D4488EA0208444401EB7444FA
:1017900064EA02034B402B44554D04EBF32375449C
:1017A00063EA010E15448EEA040E0EEB0502514D5C
:1017B00003EBB262354462EA040E29440A9D8EEAC4
:1017C000030EA5F580164C4D7144A6F6833602EB48
:1017D000B151264461EA030454403444029E01EBB3
:1017E0007444354464EA02061D444E407319089E51
:1017F000424D04EBF323354463EA01061544664089
:1018000072193F4D03EBB262654462EA0406294453
:101810003C4D5E403144079E02EBB151354461EAD4
:1018200003062C44384D56403D443444059E1D4427
:1018300001EB744464EA02034B402B44334D04EB48
:10184000F32335440B9E154463EA010262402A44A7
:101850002F4D03EBB2623544039E0D4462EA04014E
:10186000594029442B4D02EBB15135442A4E2544B1
:1018700061EA030454402C44099D01EB74442E4456
:1018800064EA02051E4485EA01039D1903681A44AF
:101890000AEB040303EBF5230260436083681C44F6
:1018A000C36819448460C1600DB0BDE8F08F00BF0B
:1018B00044EABEA4A9CFDE4B604BBBF670BCBFBEF2
:1018C000C67E9B28FA27A1EA8530EFD4051D88043F
:1018D00039D0D4D9E599DBE6F87CA21F6556ACC4B3
:1018E000442229F497FF2A43A72394AB39A093FC01
:1018F000C3595B6592CC0C8FD15D84854F7EA86FF8
:10190000E0E62CFE144301A3A111084E827E53F79A
:1019100035F23ABDBBD2D72A91D386EB094B03608F
:1019200003F18833436003F12943A3F59613A3F62B
:101930008B638360A3F18833C3600023C0E9043361
:10194000704700BF012345672DE9F843144602693B
:1019500005460E46E300C2F3C50800F118079B18C0
:10196000036122BF43690133436112F4FC7F436981
:1019700003EB5473436114D0C8F1400907EB08002E
:101980004C4504D22246BDE8F84307F091BC403CE8
:101990004A464E4407F08CFC444439462846FFF73B
:1019A0006FFCA04606EB0409B8F13F0FA9EB080154
:1019B0000AD94022384607F07BFC39462846A8F170
:1019C0004008FFF75DFCEFE7A1096FF03F023846E2
:1019D00002FB014206EB8111D5E7000070B50B69EF
:1019E00001F1180506460C46C3F3C503EA18501C5E
:1019F0008022EA54C3F13F02072A1FD8002100F0D9
:101A0000A5F929462046FFF73BFC3822002128464D
:101A100000F09CF9236929462046236563696365C4
:101A2000FFF72EFC21461022304607F041FC2046ED
:101A300058220021BDE8704000F088B9C3F1370298
:101A40000021E5E72DE9F84F4FF47A7306460D467D
:101A5000002402FB03F7DFF85080DFF8509098F97C
:101A600000305FFA84FA5A1C01D0A34210D159F811
:101A700024002A4631460368D3F820B03B46D847B5
:101A8000854205D1074B012083F800A0BDE8F88FFF
:101A90000134042CE3D14FF4FA7004F0D7FE002097
:101AA000F4E700BFE43300201022002014220020BD
:101AB000002307B5024601210DF107008DF807301C
:101AC000FFF7C0FF20B19DF8070003B05DF804FBED
:101AD0004FF0FF30F9E700000A46042108B5FFF790
:101AE000B1FF80F00100C0B2404208BD074B0A467A
:101AF00030B41978064B53F821400146236820463C
:101B0000DD69044BAC4630BC604700BFE4330020C5
:101B100014220020A086010070B5104C0025104E44
:101B200005F014FB20803068238883420CD8002500
:101B30002088013805F006FB23880544013BB5F5F4
:101B4000003F2380F4D370BD05F0FCFA33680544F0
:101B50000133B5F5003F3360E5D3E8E7E633002015
:101B6000A033002005F0CCBB00F1006000F5003090
:101B70000068704700F10060920000F5003005F049
:101B800041BB0000054B1A68054B1B889B1A83421A
:101B900002D9104405F0D6BA00207047A0330020C7
:101BA000E633002038B50446074D29B128682044A3
:101BB000BDE8384005F0DEBA2868204405F0C8FAD0
:101BC0000028F3D038BD00BFA033002000207047AC
:101BD00000F1FF5000F58F10D0F8000870470000AA
:101BE000064991F8243033B100230822086A81F8AD
:101BF0002430FFF7BFBF0120704700BFA43300208F
:101C0000014B1868704700BF0010005C194B013889
:101C10000322084470B51D68174BC5F30B042D0C47
:101C20001E88A6420BD15C680A46013C82421346DC
:101C30000FD214F9016F4EB102F8016BF6E7013AC9
:101C400003F10803ECD181420B4602D22C2203F8A7
:101C5000012B0424094A1688AE4204D1984284BF5D
:101C6000967803F8016B013C02F10402F3D1581A93
:101C700070BD00BF0010005C242200201C940008EE
:101C8000022804D1054B4FF480129A617047012855
:101C9000FCD1024B4FF40012F7E700BF00100258CE
:101CA000022803D1044B10229A6170470128FCD10D
:101CB000014B2022F8E700BF00100258022805D18E
:101CC000064A536983F01003536170470128FCD121
:101CD000024A536983F02003F6E700BF0010025860
:101CE00070B504464FF47A764CB1412C254628BF96
:101CF000412506FB05F0641B04F0A8FDF4E770BD68
:101D0000002310B5934203D0CC5CC4540133F9E7EF
:101D100010BD0000013810B510F9013F3BB191F939
:101D200000409C4203D11AB10131013AF4E71AB1E3
:101D300091F90020981A10BD1046FCE703460246B0
:101D4000D01A12F9011B0029FAD170470244034648
:101D5000934202D003F8011BFAE770472DE9F843DC
:101D60001F4D14460746884695F8242052BBDFF8DD
:101D700070909CB395F824302BB92022FF2148465F
:101D80002F62FFF7E3FF95F824004146C0F10802F7
:101D900005EB8000A24228BF2246D6B29200FFF790
:101DA000AFFF95F82430A41B17441E449044E4B2BE
:101DB000F6B2082E85F82460DBD1FFF711FF00286A
:101DC000D7D108E02B6A03EB82038342CFD0FFF721
:101DD00007FF0028CBD10020BDE8F8830120FBE7F6
:101DE000A4330020024B1A78024B1A70704700BFD0
:101DF000E433002010220020F8B5194C194804F0F3
:101E000011F82146174804F039F824684FF47A7025
:101E1000154ED4F89020154DD2F80438114F43F0E8
:101E20000203C2F80438FFF75BFF2046104904F0B4
:101E300055F9D4F890200424D2F8043823F0020392
:101E4000C2F804384FF4E133336055F8040BB8425C
:101E500002D0314603F040FF013CF6D1F8BD00BF8F
:101E6000189C000818490020CC33002014220020C0
:101E7000209C00080C4B70B50C4D04461E780C4B92
:101E800055F826209A420DD00A4B002118221846F8
:101E9000FFF75CFF0460014655F82600BDE870407E
:101EA00003F01ABF70BD00BFE433002014220020ED
:101EB00018490020CC3300202DE9F04771B6464B7D
:101EC00001201D68454BB3F8008000231A461946CF
:101ED00002F012FE0446802005F0B2FA0746002800
:101EE00062D0002C60D03E4EADB24FF0800A7369D4
:101EF000284643F0C0637361D6F8143143F0C063E1
:101F0000C6F8143105F01EF905EB080200FB05F3D5
:101F10004FF4D06C50434FF03D0E984233D93269A4
:101F2000520144D4D6F81021510140D4216803F164
:101F300000628A602268D7602268C2F804A0226822
:101F4000C2F800C0D4F80090D9F8002042F0010295
:101F5000C9F80020D4F80090D9F8002022F01E0221
:101F6000C9F80020D4F80090D9F80020D207FBD49B
:101F700094F80C90803361680EFA09F20A60CCE79D
:101F8000002005F0BDF9204602F0F6FD384605F0C8
:101F900093FA134B5A6942F0C0625A61D3F8142184
:101FA00042F0C062C3F8142161B6BDE8F0870D4B62
:101FB0009A6A42F400729A629A6A42F400429A6201
:101FC00061B60026012005F09BF9B045D8D9A819C3
:101FD000013605F0CFF8F8E7A0330020E633002003
:101FE0000020005200ED00E030B50A44084D914257
:101FF0000DD011F8013B5840082340F30004013B89
:102000002C4013F0FF0384EA5000F6D1EFE730BD17
:102010002083B8ED00F00F0300F0F00200F0D000D4
:10202000402806D0302A09D1092B07D801200B708F
:1020300070475A1E052A01D80933F7E70020704778
:1020400073B51446451C8E18B4421AD00DF1060122
:1020500015F8010CFFF7DEFF10B9002002B070BDCB
:102060000DF1070115F8020BFFF7D4FF0028F4D09B
:102070009DF806209DF8073043EA021304F8013B5F
:10208000E2E70120EAE700000121884238BF084664
:1020900005F00EBA08B105F00FBA704710B5084C3C
:1020A00001220849002001F0C5FE23783BB1064813
:1020B00003F02CFC044803F0BDFD0023237010BD89
:1020C000E83300202C940008C83600202DE9F041A8
:1020D000234C244E236DBBB901224FF4004104F17F
:1020E000500005F04DFB236D1B686BB901224FF4C6
:1020F000805104F1500005F043FB236D1B681BB9B0
:1021000000203070BDE8F08133780BB1FFF7C6FFD7
:102110000324154F4FF00008114D13492846C7F806
:10212000048003F079FD284603F00EFC38B1013C31
:10213000284603F07FFD14F0FF04E1D0EDE70B49E2
:1021400001220B4801F076FE014618B1284603F043
:10215000DDFBECE7074800F00FF80120D1E700BFF6
:10216000C8360020E83300203C2200202C940008D0
:10217000EC330020309400080FB4002004B0704706
:102180000068704703460068596870470B0A017081
:1021900043700B0C090E8370C1707047110A0270F6
:1021A00003714170110C120E8170C2701A0A4271D3
:1021B0001A0C1B0E8271C37170470000C36A02398A
:1021C000023B8B4283BF4389006C01FB030000206C
:1021D00070470000C2F307238A76CB760378032B7F
:1021E00001BF120C0A75120A4A75704700F10B0103
:1021F0000022D30143EA520310F8012B52FA83F371
:102200008842DAB2F5D110467047000010B5417827
:1022100004460020013102464901022A16BFA35C90
:10222000032203EBC03302F101021EBF9BB203EB9A
:10223000500398B29142F0D810BD000002684AB134
:10224000134613F8011B1F290DD93A29F9D1911C06
:102250008B4202D04FF0FF3070471278302AF9D10C
:10226000036000207047014B187870473836002013
:1022700038B50D46044618B9092000232B6038BD37
:102280000368002BF8D01A78002AF5D08188DA8804
:102290009142F1D1587804F075FC10F00100EBD1B7
:1022A0002368EBE738B50D4640F25231144602F090
:1022B000BDF9FF2807D9012C0BD9030A0224687045
:1022C0002B70204638BD30B1002CFAD00124287084
:1022D000F7E70024F5E70446F3E700002DE9F843AB
:1022E0000026D0F8008005460C468E76836B002BC6
:1022F0004AD098F80030042B4BD13346354640275E
:1023000020E0B7F5187F80F0C480F90606F10106D9
:1023100008BF0237D05B02372BB900F5205292B2CA
:10232000B2F5006F0DD305F11A01C5F1FF0240EAC5
:1023300003402144FFF7B6FF002800F0AA800544BF
:1023400000200346D8F8102092F82310B142D8D8C4
:10235000002B40F09E80002D00F09B800023254440
:10236000AB766373D8F81020137903F03701DB06DE
:1023700021730BD402F13800FFF704FFC4E9000118
:1023800093896381D3892381BDE8F88300200146C6
:10239000F4E7C36C01335ED1EA6B00232E26551E91
:1023A000184615F8011F013020290CD0052908BF57
:1023B000E521092804D10B2B9EBFE71801337E735A
:1023C000E718013379730B28EBD1E118002048732B
:1023D000A17E00294BD1002B40D06FF00C0604F1F8
:1023E0000D000825361B331810F8011B002938D0C2
:1023F0002E298BB24AD0A3F14101192903D8117BB0
:102400000D4200D020330373EDE7B9F1000F05D181
:1024100000F520539BB2B3F5006F0BD307F11A01FF
:10242000C7F1FF0240EA09402144FFF73BFF48B1F2
:102430000744002002368146D8F80C30985B00280B
:10244000E3D13846B9F1000F4FF0000218BF002069
:1024500023189A76A0E7B1463746EDE73F23A376E7
:102460000123234400219976137B03B96373D37A44
:1024700002F11C0003F03F0323730023FFF780FEEB
:1024800020606360D38A6381138B7CE710250B4641
:10249000B9E73F230125A37660E7000038B505467C
:1024A000002435F8020B08B9204638BD02F0F2F8D6
:1024B0006308C2B203EBC43312FA83F39AB2C0F3D7
:1024C000072303EB520303EBC2339CB2E9E700009E
:1024D00037B5C37804461BB90025284603B030BD84
:1024E00000F14C01826C01234078019104F070FBF3
:1024F000054680B9A36BE070A06C226BC31A9342AF
:10250000EAD2A3780199022BE6D102440123607834
:1025100004F05EFBE1E70125DFE7000038B5836CDE
:1025200005460C468B4210D0FFF7D2FF60B9224619
:10253000012305F14C01687804F026FB00281CBF3C
:102540004FF0FF340120AC6438BD0020FCE70000F0
:1025500038B500230446C3704FF0FF338364FFF7A0
:10256000DDFF00284BD1B4F84A524AF655239D426C
:1025700007D10B22254904F14C0006F089FE002802
:102580003FD094F84C30EB2B03D01833DBB2012B47
:102590002ED84AF655239D4206D108221C4904F143
:1025A0009E0006F075FE48B3B4F85730B3F5007FCF
:1025B0001ED194F85930DBB15A1E1A4218D1B4F822
:1025C0005A30ABB194F85C30013B012B10D8B4F811
:1025D0005D306BB1B4F85F307F2B06D804F16C002E
:1025E000FFF7CEFDB0F5803F02D3B4F8623053B9A7
:1025F0004AF6552085420CBF0220032038BD042036
:10260000FCE70120FAE70020F8E700BF5C9400082F
:102610006894000802392DE9F04701F007044FF0F3
:10262000010A466C05460AFA04F41746984606EB7A
:102630001136C1F3C809E4B2314628460136FFF726
:102640006DFF18B10120BDE8F087994605EB09023E
:1026500092F84C30234214BF01210021414513D090
:102660006340013F82F84C3085F803A0EBD0640052
:1026700014F0FF04EAD109F1010301244FF000092D
:10268000B3F5007FE1D1D7E70220DCE7012902465C
:10269000F8B50C4640F28C800668F36A8B4240F233
:1026A00087803378013B032B00F28280DFE803F060
:1026B0000229384B04EB5405B16B304601EB552130
:1026C000FFF72CFF10B14FF0FF30F8BD6F1CC5F3C2
:1026D0000805B16B3046354401EB572195F84C5055
:1026E000FFF71CFF0028EED1C7F30807E3073E44BD
:1026F00096F84C0045EA00204CBF0009C0F30B00DF
:10270000E3E7B16B304601EB1421FFF707FF002828
:10271000D9D1640004F4FF742644B6F84C00D4E721
:10272000B16B304601EBD411FFF7F8FE0028CAD197
:10273000A40006F14C0004F4FE742044FFF720FDD1
:1027400020F07040C1E7D0E90430D57953EA0001A8
:1027500001D0916801B95DBB9168022DA4EB010124
:102760000DD1013B728940F1FF305B0A43EAC0534F
:10277000B3FBF2F399421BD81CD0601CA5E7032DD4
:1027800002D193698B42F8D8D3699BB9B16B3046BB
:1027900001EBD411FFF7C2FE002894D1A0004C3603
:1027A00000F4FE703044FFF7EBFC20F000408CE7B3
:1027B00001208AE76FF0004087E70000F8B506685F
:1027C00004460D463378042B0CBF4FF080524FF473
:1027D00000128A4201D80220F8BDCA06FBD18268E5
:1027E0000163D2B9022B13D83389B3EB551FF2D949
:1027F000F36BA363A36B6263002BECD003EB552355
:102800004C36C5F308050020A3633544E563E3E7D0
:10281000F36BC271002BE7D01A4677897F02BD4265
:10282000114604D23046FFF7C9FCA063E2E7204618
:10283000FFF72CFF431C024606D00128CBD9F36AD0
:102840008342C8D9ED1BEAE70120C5E701292DE93C
:10285000F04706460C46174608D9C36A8B4205D98D
:102860000378022B62D003D8012B22D0022552E03C
:10287000033B012BFAD8816B01EBD411FFF74EFE1D
:102880000546002847D1A40006F14C0304F4FE7469
:102890001C443378042B07D0204627F07047FFF7FD
:1028A0006FFC00F07040074339462046FFF76EFC8E
:1028B0002FE001EB5108816B01EB5821FFF72EFE51
:1028C000054640BB14F0010406F14C0908F1010A69
:1028D000C8F3080808BFFBB230461FBF19F808301C
:1028E00003F00F023B0103F0F00318BF134309F894
:1028F00008300123B16BF37001EB5A21FFF70EFE94
:10290000054640B9CAF3080A44B1C7F3071709F8E6
:102910000A700123F3702846BDE8F08719F80A30E1
:10292000C7F3032723F00F031F43F0E7816B01EB8D
:102930001421FFF7F3FD05460028ECD1640006F1F1
:102940004C0304F4FF741F551919C7F307274F7080
:10295000DFE70000F8B504460E461746E3690BB9F9
:102960001846F8BD012BA6EB0305206814BFAA1C6E
:102970003A46691CFFF76AFF0028F2D1E369013B80
:10298000E361EBE701292DE9F84306460C461746BB
:10299000056802D80220BDE8F883EB6A8B42F9D9BA
:1029A0007AB9A14621463046A046FFF76FFE04469D
:1029B000B0B92B78042B02D1002F43D1F77100203E
:1029C000E9E72B78042B02D1C379022BE9D04FF031
:1029D000FF3239462846FFF739FF0028E1D0DAE711
:1029E0000128D7D0421C01D10120D4E72B78042B39
:1029F00019D1EA6AAB69023A93421CD308F1010289
:102A0000A2420CD02B78042B08D10023A2EB0902A0
:102A100049462846FFF7FEFD0028BCD1A146EB6AD7
:102A2000A342BFD8C5E7002241462846FFF70EFF64
:102A30000028DED0AFE70133AB612B7943F001030F
:102A40002B71DBE7F3798BB9B468BC4202D1022366
:102A5000F371B4E721463046FFF718FE012899D9F3
:102A6000431CC1D001348442EFD0A8E7032BA6D188
:102A7000B368BB42A3D8B2691344BB429FD3E6E715
:102A800070B5C3790446032B06D181688369CD18DC
:102A9000A94203D10023E371002070BD4E1C2068C1
:102AA0003246FFF7D3FE0028F7D13146F0E70000A9
:102AB0002DE9F74305460191FFF70AFD044600287A
:102AC00049D105F14C09019928464FF40072FFF7EE
:102AD00075FB2146A86407464846FFF737F96C891D
:102AE0006402B4F5004F28BF4FF40044B4F5007FF2
:102AF0002FD9204604F0E4FC804630B12246002164
:102B0000640A0026FFF722F909E06408EEE723468D
:102B1000BA194146687804F05BF818B926446B8905
:102B20009E42F4D3404604F0DBFC6889801B18BF4A
:102B3000012003B0BDE8F08301366B899E42F4D2D8
:102B40000123BA194946687804F042F80028F3D006
:102B5000EBE70026F1E70120EBE70000F8B50446BB
:102B6000FFF7B6FC0546002842D12378032B37D166
:102B70002779012F34D104F14C0601464FF400723D
:102B80003046FFF7E3F855234122722184F84A3298
:102B9000AA2304F50D7084F84F2084F84B32522399
:102BA00084F8301284F84C3084F84D30612384F876
:102BB000311284F84E3084F83332A16984F832221D
:102BC000FFF7E4FA616904F50E70FFF7DFFA626B54
:102BD0003B46314601326078A26403F0F9FF25716B
:102BE00000226078114604F017F8003818BF012061
:102BF000F8BD000000232DE9F0430B6085B00F46BF
:102C00001546FFF71BFB061EC0F2B281804B53F83E
:102C10002640002C00F0AE813C6005F0FE052378D4
:102C20006BB1607803F0AEFFC70708D41DB110F098
:102C3000040500D00A25284605B0BDE8F08300232E
:102C4000F0B22370607003F089FFC10700F1948136
:102C50000DB14207EED400212046FFF779FC02288F
:102C600040F099806E4604F2122304F2522132465B
:102C700018461033FFF784FA42F8040B8B42F7D161
:102C8000002556F8041B00297DD02046FFF760FC84
:102C9000012879D80128A26C40F0C08004F15703C4
:102CA00004F18C0113F8015B002D7BD18B42F9D12B
:102CB000B4F8B430B3F5807F74D194F8B830092BF0
:102CC00070D104F19400FFF75DFA4FF0FF3317184D
:102CD00041F10001BB4275EB010363D304F1A00095
:102CE000FFF74EFA94F8BA302063012BA37059D144
:102CF00094F8B99003FA09F91FFA89F36381002B5C
:102D000050D0444B04F1A800FFF73AFA0646984227
:102D100048D8831C626304F1A400E362FFF730FA31
:102D200000EB020804F19C00C4F84080FFF728FA89
:102D300010441FFA89F2A06306FB02F313EB0803A9
:102D400045EB05029F4271EB02032BD32E4604F1A3
:102D5000AC00FFF715FAE06365B96389B34221D986
:102D6000E16B2046FFF72AFA81192046FFF7D6FBD0
:102D700098B90136631993F84C30812B14D0203563
:102D8000C5F30805E8E703200135042D7FF479AF8A
:102D9000042807D101E0042801D101254BE70128CF
:102DA0007FF678AF0D2546E705F1140004F14C06D7
:102DB0003044FFF7E5F901280546F3D9E36A834279
:102DC000F0D96189821E236C02FB01336364A16B1D
:102DD000204601EBD511FFF7A1FB0028DDD105F05E
:102DE0007F0006EB8000FFF7CBF9431C03D00135D1
:102DF000A842ECD0D6E70425C4E90500064A2570B0
:102E000000251388E56101339BB21380E38012E74C
:102E10003C360020FDFFFF7F40360020B4F85730DD
:102E2000B3F5007FBED1B4F8626026B904F170003A
:102E3000FFF7A6F9064694F85C302663591EA37086
:102E40000129AFD894F859506581002DAAD0691E88
:102E50002942A7D1B4F85D8018F00F0FA4F80880BC
:102E6000A0D1B4F85F0018B904F16C00FFF788F93D
:102E7000B4F85A10002995D006FB03FE01EB181C8C
:102E8000F44460458ED3A0EB0C00A842B0FBF5F3F0
:102E900088D33E48834285D84FF6F57083426DD97A
:102EA00003259F1C114402EB0C03032DE7626263B0
:102EB000A16323644CD1B4F8763053EA08037FF45D
:102EC00071AFBB0004F17800FFF75AF9E06303F239
:102ED000FF13B6EB532FFFF465AF4FF0FF33032D15
:102EE000C4E905334FF08003237187D1B4F87C30F7
:102EF000012B83D1511C2046FFF710FB00287FF4E3
:102F00007DAFB4F84A224AF6552320719A427FF4E5
:102F100075AF1F4B04F14C00FFF732F998427FF474
:102F20006DAF03F1FF5304F50C70FFF729F903F5BA
:102F30000053203398427FF461AF04F50D70FFF722
:102F40001FF9A06104F50E70FFF71AF9606155E7EB
:102F5000B8F1000F3FF426AF7144022D4FEA47034A
:102F6000E1631EBFD91907F0010303EB5103AEE77C
:102F70000B2560E60C255EE603255CE640F6F5755C
:102F8000AB428CBF022501258BE700BFF5FFFF0F89
:102F9000525261412DE9F84F07460568884649B904
:102FA0006E69C6B1EB6AB34298BF0126AB69A3B99B
:102FB000002405E0FFF76AFB0128044603D801243A
:102FC0002046BDE8F88F421C00F0D280EB6A8342B5
:102FD000F6D84646EAE70126E8E72A78EB6A042AAB
:102FE00040F08380A6F1020A023B4FF0010B9A45A4
:102FF00028BF4FF0000AD146696C284601EB193111
:10300000FFF78CFA00283BD109F00703EA6AC9F3FD
:10301000C8010BFA03F3901EDBB26A184C4609F1A3
:10302000010992F84C20814502EA030233BF5B009C
:1030300000234FF40071DBB228BF9946B2B90234C5
:10304000631E0333BCD80123214628461A46FFF7E6
:10305000E1FA0228B3D0012800F08A80B8F1000F0D
:1030600013D10223FB710028A9D130E0CA450AD050
:10307000002BD2D10131B1F5007FBDD20123CCE7C5
:103080004FF0FF34DCE70024DAE7FB79022B07D1AD
:10309000731CA342E7D0BB68F31ABB610323FB7127
:1030A00008F10102FB69A24205D113B10133FB61B2
:1030B000D9E70223FBE70BB90123FB612246414616
:1030C0003846FFF747FC00284FD10123FB61EA6A2D
:1030D000AB69023A6C6193429CBF03F1FF33AB6171
:1030E0002B7943F001032B716AE7464514D1741C18
:1030F00038469C4228BF02242146FFF7C7FA012820
:103100003FF45DAF431C33D0E0B16B69012B03D9B1
:10311000EA6A934238BF1E4634460134EB6AA34242
:1031200003D8012E7FF644AF022421463846FFF72C
:10313000ADFA48B101283FF442AF013018D0B44293
:10314000EBD135E7002CE7D04FF0FF32214628467F
:10315000FFF77CFB48B9B8F1000FB8D022464146D2
:103160002846FFF773FB0028B1D001287FF427AF72
:103170004FF0FF3424E700002DE9F84306680446C9
:10318000076B894633782037042B0CBF4FF08053F0
:103190004FF40013BB429CBF00238363836B73B166
:1031A000C7F30808B8F1000F3CD10133416B8363CA
:1031B00039B93389B3EB571F34D80023A3630420F4
:1031C0000AE07389013B13EA57232BD1FFF75EFA1C
:1031D0000128054602D80220BDE8F883421C01D12F
:1031E0000120F9E7F36A834216D8B9F1000FE4D061
:1031F000616B2046FFF7CEFE0546C8B10128EAD034
:10320000431CEDD001463046FFF752FC0028E7D1C1
:10321000E37943F00403E371294630466563FEF722
:10322000CDFFA0634C36002027634644E663D3E716
:103230000720D1E7F8B50E46002104460768FFF7DE
:10324000BDFA98B90546A16B3846FFF767F968B92A
:103250003A78E36B042A1B780CD11B060ED5054681
:1032600001212046FFF788FF0028ECD0042808BF82
:10327000072006E0E52B01D0002BF0D10135B54247
:10328000EED1F8BDC16C4B1C2DE9F0410446056838
:10329000066B1FD1E5274FF00108A16B2846FFF709
:1032A0003DF998B92A78E36B042A09BF1A781F7090
:1032B00002F07F021A7085F80380236BB3420DD2AF
:1032C00000212046FFF758FF0028E6D0042808BF59
:1032D000022003E0FFF772FA0028DBD0BDE8F0819E
:1032E0002DE9F04105460068A96B0669FFF716F95C
:1032F000044620B9EB6B1A78852A03D002242046B5
:10330000BDE8F081324603F1200153F8040B8B42F3
:1033100042F8040BF9D1777801377F01A7F16003F8
:10332000B3F5007FEAD800212846FFF725FF0428DF
:103330000446E3D00028E2D1A96B2868FFF7EEF835
:1033400004460028DBD1EB6B1A78C02AD6D106F1EF
:10335000200203F1200153F8040B8B4242F8040BC6
:10336000F9D196F823300F222C33B3FBF2F3B7EBED
:10337000431FC3D34FF0400800212846FFF7FCFE4F
:1033800004280446BAD00028B9D1A96B2868FFF7F1
:10339000C5F804460028B2D1EB6B1A78C12AADD12A
:1033A000B8F5187F09D206EB080203F1200153F8A3
:1033B000040B8B4242F8040BF9D108F12008474571
:1033C000DAD8B8F5187F9AD83046FEF71FFF738811
:1033D000834294D092E700000B68002210B503608E
:1033E00004460B6A83604B6AC261C37123F0FF031A
:1033F000896AC0E90432C164FFF7E0F920B92046C8
:10340000BDE81040FFF76CBF10BD0000F8B50368C1
:10341000054601271C692046FEF7F8FEA070000A49
:103420006678E0702846E96CFFF7C8F920B10228F9
:1034300028BF0220C0B2F8BDA96B2868FFF76EF85C
:103440000028F4D1EB6B04F1200254F8041B9442E1
:1034500043F8041BF9D12B68DF70002EE7D0002160
:103460002846013EFFF788FEE0E700002DE9F8431B
:103470004FF0FF0806460768042445464FF6FF79DB
:10348000B16B11B9002C73D063E03846FFF746F8F2
:10349000044600285DD1F06B0378002B6ED03A789B
:1034A000042A11D1852B4DD1336B3046F364FFF7DD
:1034B00017FF044600284CD13B691B7903F03F03FA
:1034C000B3712046BDE8F883C27AE52B02F03F02D3
:1034D000B27143D02E2B41D022F0200108293DD0DB
:1034E0000F2A40D1590637D503F0BF05336B90F84A
:1034F0000D80F364437B434530D1428B72BB03782C
:103500000D21FC6823F04003DFF874E0013B4B43DE
:1035100001211EF801CB30F80CC009B3FF2B1DD8D8
:1035200024F813C06146013301320D2AF1D102782B
:10353000520605D521B1FF2B10D8002224F8132004
:10354000013DEDB200213046FFF716FE044600288B
:1035500096D00023B363B4E7AB42CBD0FF25F1E7AD
:10356000CC45E1D0FAE72DB9FEF740FE404501D148
:103570000024A6E74FF0FF33F364A2E70424E8E752
:10358000049500082DE9F04F002187B00446D0F8DB
:103590000090FFF713F9804670B999F80030042BBA
:1035A00033D1D9F80C00FEF779FF07462046FFF724
:1035B0005DFF054620B18046404607B0BDE8F08F6C
:1035C000D9F810309A8CBA42F0D193F823B0402643
:1035D0005D4506D1D9F80C3033F81530002BE5D114
:1035E000EAE7F106D9F8103008BF0236985B01F01F
:1035F00051F8D9F80C30824633F8150001F04AF83A
:103600008245D3D102360135E2E74FF0FF0A4FF091
:10361000FF3B5546C4F84CB0A16B4846FEF77EFF11
:1036200000285CD1E66B3778002F77D0F27AE52F4F
:1036300002F03F03A37103D0120704D50F2B04D06F
:10364000C4F84CB04FE00F2B54D194F84B305806CF
:103650003FD4790645D5236B07F0BF0796F80DA038
:10366000E364737B53453ED1738B002B3BD135789C
:103670000121D9F80C3005F03F0501930D23013DE0
:103680005D43284B13F8012BB25A71B3FF2D0593FC
:1036900029D81046049200F0FDFF6B1C03900293A2
:1036A000019B33F8150000F0F5FF039981421AD110
:1036B000049A029D1146059B1B4A9342E2D133783E
:1036C0005A0604D519B1019B33F815305BB97D1E3C
:1036D000EDB200212046FFF74FFD00289CD0804628
:1036E0006AE7BD42BDD0FF25F3E74FF6FF70824287
:1036F000E2D0F8E72DB93046FEF778FD50453FF4AB
:103700005BAF94F84B30DB079AD40B2204F14001F5
:10371000304605F0BDFD002892D14DE74FF004087A
:103720004AE700BF04950008119500082DE9F04F05
:1037300090F84BB099B004461BF0A00540F06C81A6
:103740000668F26832F81530002B4AD13378042B22
:1037500040F087800F230E352046B5FBF3F5A91CFA
:10376000FFF768FD8146002877D1236B0135A3EB75
:103770004515E3795A07E56435D523F0040320465F
:10378000E371FFF77DF950BB4FF0FF32616B2046CC
:10379000FFF7E0F818BBA3682BB3214604A8FFF796
:1037A0001BFEE0B970894FF40071D4E90423E0FBFB
:1037B00001233069C4E904233830FEF7EFFC306997
:1037C000D4E904232830FEF7E9FCE379326904A840
:1037D00043F0010382F82130FFF718FE18B181464B
:1037E0003BE00135AEE7D6E90354402200212046F4
:1037F000FEF7ACFA8523012140222370C0234FF04D
:10380000C10C04EB010884F8203000231E469E46BC
:10381000571C04F802C0F0B2023204F807E021B1EC
:1038200035F8131009B10133DBB20F0AA15408F8BF
:1038300002700232D706F2D135F813700136002F2C
:10384000E6D184F82330831C28466370FEF726FEF9
:1038500084F82400000A84F82500484619B0BDE821
:10386000F08F04F140070DF1100A1BF0010F97E8EB
:1038700007008AE8070000F0D78040234FF00108D6
:1038800084F84B30BC46F368B8F1050F9AE807009E
:10389000ACE803002CF8022B4FEA12428CF800200F
:1038A0005DD9981E424630F8021F002946D10DF11D
:1038B0000F0C072102F00F0E914612090EF1300095
:1038C000392888BF0EF1370001390CF8010902D000
:1038D000B9F10F0FEED801F160037E200DEB03026A
:1038E00002F8580C38460022914206D010F801CB5D
:1038F00002F1010EBCF1200F33D104F13F0C072976
:1039000002F1010297BF01F16003202001310DEBAC
:10391000030098BF10F8580C072A0CF80200EED9E3
:103920002046FFF72FFE8146002878D108F10108D4
:10393000B8F1640FA6D14FF007098EE74FF0100CD5
:1039400001F0010E49080EEB4202D30344BF82F49A
:10395000883282F02102BCF1010CF1D1A3E742468A
:10396000A5E77246C0E7216B2046A1EB4511FEF7A3
:1039700025FF814600287FF470AF4FF6FF78384668
:10398000FEF734FC0190A16B3046FEF7C7FD81467F
:1039900000287FF462AFE36BE9B2019A4FF00D0C9F
:1039A000D6F80CE05A734FF00F02DFF8E0A0DA729D
:1039B0004A1E18730CFB02F284469876D87640456E
:1039C0001AF8019B0CF1010C18BF3EF8120003EB32
:1039D000090B18BF013203F809004FEA102900282B
:1039E00008BF4046BCF10D0F8BF80190E7D1404570
:1039F00002D03EF812200AB941F0400119700123AB
:103A000000212046F370FFF7B7FB814600287FF4C2
:103A100024AF013DB7D11BE04FF006091DE7042894
:103A20007FF41BAF84F84BB01BF0020F20461BBF86
:103A30000C350D210125B5FBF1F518BF01352946DF
:103A4000FFF7F8FB814600287FF407AF013D8AD1DC
:103A5000A16B3046FEF762FD814600287FF4FDAE83
:103A600001462022E06BFEF771F9E36B03CF18608B
:103A70005960BA7839889A72198194F84B30E26BA0
:103A800003F0180313730123F370E6E604950008AE
:103A900010B504460A463430FEF772FB886004F124
:103AA0003800FEF76FFBC2E9040194F8213003F0FF
:103AB0000203D3710023D36110BD000003284B8B98
:103AC00004BF8A8A43EA0243184670472DE9F04F43
:103AD0000B7899B0044689462F2BD0F800B001D05E
:103AE0005C2B09D14A461378914601322F2BFAD02C
:103AF0005C2BF8D0002301E0DBF81C30A36000232E
:103B0000E3619BF80030042B1ED1A368E3B1DBF81E
:103B10002030214604A82362DBF824306362DBF8FE
:103B20002830A362FFF758FC0346002854D1DBF885
:103B3000102002F13800FEF723FBC4E9040392F8D9
:103B4000213003F00203E37199F800301F2B00F2DB
:103B5000358180230021204684F84B3019B0BDE820
:103B6000F04FFEF72BBE49460B78894601312F2BCB
:103B7000FAD05C2BF8D01F2B8CBF00250425012F19
:103B80002FD113882E2B31D1002322F8173004F1C6
:103B900040029F428CBF2E21202101330B2B02F8C3
:103BA000011BF6D145F02005204684F84B50FFF765
:103BB000E9FC94F84B30002800F0E78004280BD192
:103BC000990603F0040240F1DC80002A00F0F68040
:103BD0008023002084F84B3019B0BDE8F08F042515
:103BE000CDE7022F02D153882E2BCAD0911E87BB5E
:103BF000002322F81730002F00F0118132F8130053
:103C0000194601332028F9D009B92E2801D145F0F1
:103C10000305901E30F817302E2B01D0013FF9D14B
:103C20004FF020334FF0000A6364D0462364C4F899
:103C300047300823481C32F811600090F6B1202E5E
:103C400003D02E2E0DD1B84210D045F003050099B7
:103C5000F0E731F81730202B01D02E2BC8D1013FCF
:103C6000C5E79A4505D20099B9423BD10B2B30D11B
:103C700001E00B2B27D145F003050B2394F84020DE
:103C8000E52A04BF052284F84020082B04BF4FEA30
:103C900088085FFA88F808F00C030C2B03D008F0B2
:103CA0000303032B01D145F00205A8073FF57CAFC4
:103CB00018F0010F18BF45F0100518F0040F18BFD9
:103CC00045F0080570E70099B94202D045F00305B8
:103CD000D4D84FEA88080B234FF0080A00975FFA00
:103CE00088F8B4E77F2E15D9304640F25231CDE93D
:103CF000022345F00203019300F098FC10F0800FBE
:103D00000646DDE9022316D000F07F0646498E5DA7
:103D1000019D46B331464548CDE9012305F0E2FA5D
:103D2000DDE90123F8B9A6F1410189B219291ED8AC
:103D300048F0020810E0FF28EAD9591E8A4503D34B
:103D400045F003059A4682E704EB0A01000A0AF1EE
:103D5000010A019D81F8400004EB0A010AF1010A01
:103D600081F8406073E745F003055F26F4E7A6F1AC
:103D7000610189B219299EBF203E48F00108B6B200
:103D8000EAE7002A08BF052026E75A073FF524AFD7
:103D9000A379DB0645D59BF80000042835D1A3683C
:103DA0002146E27923622369DBF8100023F0FF0348
:103DB00013436362E36CA362FFF76AFE2368002784
:103DC000DA6819F8010B00283FF409AF40F25231CC
:103DD000009200F04BFC054608B31F28009A7FF6BE
:103DE000FEAE2F283FF4BFAE5C283FF4BCAE7F2868
:103DF00005D801460E4805F075FA009A78B9FF2FEC
:103E00000DD022F817500137DBE7216B0BF14C0383
:103E1000C1F308011944FFF751FEA060CEE7062068
:103E2000DAE60520D8E600BF849400087D940008F7
:103E3000749400081FB5CDE9001003A8144603913F
:103E4000FEF7FCF9002815DB0B4A52F820300BB1C5
:103E500000211970019B0BB10021197042F820302C
:103E60002CB1002201A96846FEF7C4FE0446204694
:103E700004B010BD0B24FAE73C3600202DE9F047D2
:103E800098B0904605460191002800F0528102F05A
:103E90003F0603A901A83246FEF7ACFE002840F019
:103EA0004681039B4FF48C60049303F009FB0746A3
:103EB000002800F04081039B00F500720199D86052
:103EC00004A81A61FFF702FE044620B99DF95B3091
:103ED000002BB8BF062418F01C0F00F0CD80002C7A
:103EE0004CD0042C40D104A8FFF720FC0446002845
:103EF0003AD146F00806039B1A78042A40F08380E2
:103F0000186929462B60FFF7C3FD039B1E22002181
:103F100018690230FDF71AFF039C00211A2220695C
:103F20002630FDF713FF236920221A71246903F05C
:103F300001FB0146012208342046FEF727F9039BC6
:103F400004A81B6983F82120FFF760FA044658B9DA
:103F5000A96801B302462846FEF714FDAB68039A30
:103F60000446013B5361B4B1384603F0B9FA0CB1D1
:103F700000232B60204618B0BDE8F0879DF816306E
:103F800013F0110F40F0848018F0040F40F0C98046
:103F900018F0080FAFD1039A31071399936C48BFFB
:103FA00046F04006E964AB641078042872D1069BA1
:103FB0009DF817102B62089B106923F0FF030B4339
:103FC00029466B62179BAB62FFF762FDDDF80CA020
:103FD0000024002205F15008BAF806302146404678
:103FE000C5F800A0AB80002385F8306085F831402B
:103FF0006C64C5E90E234FF40072FDF7A7FEB2060C
:1040000053D40024B0E703F095FA014600901398CA
:104010000E30FEF7BBF8139800991630FEF7B6F88D
:10402000039C13992078FFF749FD20230022804646
:10403000CB7220461399FEF7CDF8139B0022012185
:104040001A775A779A77DA77039BD970B8F1000F0D
:10405000A1D0414604A8D3F84890FEF793FC04464B
:10406000002881D149460398FEF758FA039B04467D
:1040700008F1FF30586176E7002C7FF475AF9DF8AA
:104080001630DC064FD418F0020F84D0D80782D542
:10409000072469E7FFF712FD0023A86001F11C0067
:1040A000FEF76EF86B61286190E7D5E9046956EA7E
:1040B0000903A6D0BAF80AA0A9684FEA4A2AC5E9B6
:1040C0000E69B24574EB09031BD300242964002C4C
:1040D0007FF44AAFC6F30803002B92D0039C20461E
:1040E000FEF76CF808B3760A0123414646EAC95642
:1040F00082196A64607802F047FD041E18BF01242B
:1041000032E72846FEF7C2FAB6EB0A06014669F125
:104110000009012803D9431CD3D10124D6E7022486
:10412000D4E7082420E704241EE702241CE7044601
:104130001EE709241EE711241CE700002DE9F04FBB
:10414000994685B00023884603A90446C9F8003083
:104150001646FEF78DF8054680BB94F831506DBBCE
:1041600094F8303013F00103009300F0A68004F1BE
:10417000500AD4E90432D4E90E011B1A62EB0102A1
:10418000B34272F1000238BF1E46BEB1D4E90E1030
:10419000C1F30803002B40F08280039B5A894B0A2D
:1041A000013A43EAC0531A401BD151EA000309D136
:1041B000A06801280DD8022584F83150284605B0A2
:1041C000BDE8F08F216C20460192FEF75FFA019A5C
:1041D000EFE7431C04D10123009D84F83130EDE763
:1041E0002064DDF80CB0216C5846FDF7E7FF00288D
:1041F000E1D0B6F5007F02EB000731D3BBF80A101F
:1042000002EB5620730A88429BF8010088BF8B1A84
:104210003A464146019302F0B7FC0028DBD194F9FD
:104220003020019B002A0BDA606CC01B984207D239
:104230004FF40072514608EB4020FDF761FD019BF1
:104240005F02D9F80030F61BB8443B44C9F800308F
:10425000D4E90E32DB1942F10002C4E90E3294E7D0
:10426000626CBA421AD094F93030002B0DDA012377
:1042700051469BF8010002F0ABFC0028ABD194F84A
:10428000303003F07F0384F83030039801233A463E
:104290005146407802F078FC00289CD16764A16BFD
:1042A0004046C1F30801C1F500775144B74228BF29
:1042B00037463A46FDF724FDC3E707257EE70000B1
:1042C00070B596B00E460022019002A901A8FEF733
:1042D00091FC0446E0B94FF48C6003F0F1F8054618
:1042E000D8B1029B00F500720199D86002A81A614A
:1042F000FFF7ECFB044640B99DF95330002B0ADB75
:104300001EB1314602A8FDF7E9FF284603F0E8F8A0
:10431000204616B070BD0624F7E71124F8E7000028
:1043200070B5B8B00222019003A901A8FEF762FCA3
:10433000044608BB039B4FF48C60109303F0C0F855
:104340000546002866D0039B00F500720199D860ED
:1043500010A81A61FFF7BAFB044650B99DF88B30DC
:10436000980655D4190653D49DF84630DA0706D579
:104370000724284603F0B4F8204638B070BD039BEC
:1043800004931878042814D104A91869FFF780FB56
:10439000069E9DF84630DB0610D410A8FEF772FF8B
:1043A00004460028E5D156BB0398FEF7D7FB044628
:1043B000DFE71F99FFF782FB0646EAE7039BDA690E
:1043C000B242D5D024930021269624A81B78042B32
:1043D00001BFDDE90823CDE928239DF817308DF8CA
:1043E0009730FEF7EBF904460028C2D124A8FFF766
:1043F0003DF804460028BBD00428BAD1CDE70246D8
:10440000314604A8FEF7BEFA04460028B1D1CBE736
:104410000624AEE71124AFE7F0B5BDB0CDE900103A
:104420006846FDF70BFF022203A901A8FEF7E2FB95
:104430000446002841D1039B4FF48C60149303F091
:104440003FF80546002800F0EE80039B00F500725F
:1044500014AE0199D8601A613046FFF737FB044665
:1044600040BB9DF89B3013F0A00F40F0D880039B19
:10447000009F1A78042A68D11B6904AC03F1400C30
:104480001868083353F8041C2246634503C21446D7
:10449000F6D15022314628A8FDF732FC394628A82B
:1044A000FFF714FB044600284CD12A9A169B9A4227
:1044B00006D00824284603F013F820463DB0F0BD8E
:1044C000349A209B9A42F4D128A8FFF72FF904468A
:1044D0000028EFD1039B04AF1B6993F801E093F828
:1044E00023C09C8C3A46083303CAB24243F8080CF6
:1044F00043F8041C1746F5D1039B28A81B6983F8D1
:1045000001E0039B1A6982F823C01A6982F82440EB
:10451000240A82F825401A691379D9065CBF43F052
:1045200020031371FEF772FF04460028C2D1304603
:10453000FEF7A8FE04460028BCD10398FEF70EFB48
:104540000446B7E70428B5D1BEE7239A04AB02F1CD
:10455000200C1068083252F8041C1C46624503C443
:104560002346F6D15022314628A8FDF7C9FB39462B
:1045700028A8FFF7ABFA044600284CD12A9A169BCC
:104580009A4296D1349A209B9A4292D128A8FFF75A
:10459000CDF8044600288DD137990DF11D030DF19A
:1045A0002D0001F10D0253F8044B834242F8044BF5
:1045B000F9D11888012710809B7893709DF81B30E3
:1045C000039CDA0658BF43F02003CB72E770CB7A26
:1045D000DB06ACD5169A2A9B9A42A8D02078FFF722
:1045E0006DFA01462046FDF7E9FD0146C8B12046B7
:1045F000FDF794FF044600287FF45CAF039890F821
:104600006D302E2B93D12A9A00F16C01FDF7E2FD5B
:10461000039BDF708BE704287FF44CAFB6E70624DA
:1046200048E7022446E7112447E700007F2810B539
:1046300001D880B210BDB0F5803F13D240F25233A2
:1046400099420FD10849002231F8024B93B28442BB
:1046500003D103F18000C0B2ECE70132802AF3D12C
:104660001346F6E70020E5E7C49700087F280DD938
:1046700040F25233994208D1FF2806D800F1004099
:10468000034B803833F8100070470020704700BF9C
:10469000C4970008B0F5803FF0B522D21F4A83B21C
:1046A0001F49B0F5805F28BF0A46141D34F8042C5A
:1046B0002146AAB1934213D334F8025C2E0AEFB21A
:1046C00052FA85F5A84222DA082E09D8DFE806F06A
:1046D000050A10121416181A1C00801A34F810302B
:1046E0001846F0BD981A00F001001B1A9BB2F7E7BC
:1046F000103BFBE7203BF9E7303BF7E71A3BF5E7D8
:104700000833F3E7503BF1E7A3F5E353EEE7043456
:10471000002ECBD101EB4702C7E700BF149500087C
:104720000897000808B5074B074A196801F03D01D2
:10473000996053680BB190689847BDE8084003F052
:104740001DB900BF000002404436002008B5084BE8
:104750001968890901F03D018A019A60054AD36808
:104760000BB110699847BDE8084003F007B900BFD6
:10477000000002404436002008B5084B1968090CB7
:1047800001F03D010A049A60054A53690BB1906932
:104790009847BDE8084003F0F1B800BF00000240B0
:1047A0004436002008B5084B1968890D01F03D0119
:1047B0008A059A60054AD3690BB1106A9847BDE82B
:1047C000084003F0DBB800BF000002404436002080
:1047D00008B5074B074A596801F03D01D960536A93
:1047E0000BB1906A9847BDE8084003F0C7B800BF16
:1047F000000002404436002008B5084B596889097A
:1048000001F03D018A01DA60054AD36A0BB1106BF1
:104810009847BDE8084003F0B1B800BF000002406F
:104820004436002008B5084B5968090C01F03D01D9
:104830000A04DA60054A536B0BB1906B9847BDE8E8
:10484000084003F09BB800BF00000240443600203F
:1048500008B5084B5968890D01F03D018A05DA60F9
:10486000054AD36B0BB1106C9847BDE8084003F0C4
:1048700085B800BF000002404436002008B5074B51
:10488000074A196801F03D019960536C0BB1906CB7
:104890009847BDE8084003F071B800BF000402402B
:1048A0004436002008B5084B1968890901F03D011C
:1048B0008A019A60054AD36C0BB1106D9847BDE828
:1048C000084003F05BB800BF0004024044360020FB
:1048D00008B5084B1968090C01F03D010A049A60FB
:1048E000054A536D0BB1906D9847BDE8084003F041
:1048F00045B800BF000402404436002008B5084B0C
:104900001968890D01F03D018A059A60054AD36D49
:104910000BB1106E9847BDE8084003F02FB800BFF8
:10492000000402404436002008B5074B074A596886
:1049300001F03D01D960536E0BB1906E9847BDE810
:10494000084003F01BB800BF0004024044360020BA
:1049500008B5084B5968890901F03D018A01DA6000
:10496000054AD36E0BB1106F9847BDE8084003F0BD
:1049700005B800BF000402404436002008B5084BCB
:104980005968090C01F03D010A04DA60054A536FC9
:104990000BB1906F9847BDE8084002F0EFBF00BF31
:1049A000000402404436002008B5084B5968890DC0
:1049B00001F03D018A05DA60054AD36F13B1D2F8E0
:1049C00080009847BDE8084002F0D8BF00040240CC
:1049D0004436002000230C4910B51A460B4C0B60DE
:1049E00054F82300026001EB430004334260402B83
:1049F000F6D1074A4FF0FF339360D360C2F8083412
:104A0000C2F80C3410BD00BF44360020C498000822
:104A1000000002400F28F8B510D9102810D0112836
:104A200011D0122808D10F240720DFF8C8E0012692
:104A3000DEF80050A04208D9002653E00446F4E70F
:104A40000F240020F1E70724FBE706FA00F73D42B8
:104A50004AD1264C4FEA001C3D4304EB00160EEBF6
:104A6000C000CEF80050C0E90123FBB273B120486A
:104A7000D0F8D83043F00103C0F8D830D0F8003176
:104A800043F00103C0F80031D0F8003117F47F4F34
:104A90000ED01748D0F8D83043F00203C0F8D83011
:104AA000D0F8003143F00203C0F80031D0F80031F3
:104AB00054F80C00036823F01F030360056815F029
:104AC0000105FBD104EB0C033D2493F80CC05F6897
:104AD00004FA0CF43C6021240560446112B1987B17
:104AE00000F0D6FC3046F8BD0130A3E7C4980008BA
:104AF000004402584436002010B5302484F3118855
:104B0000FFF788FF002383F3118810BD10B504461A
:104B1000807B00F0D3FC01231549627B03FA02F28B
:104B20000B6823EA0203DAB20B6072B9114AD2F8B9
:104B3000D81021F00101C2F8D810D2F8001121F0EC
:104B40000101C2F80011D2F8002113F47F4F0ED1F9
:104B5000084BD3F8D82022F00202C3F8D820D3F8AB
:104B6000002122F00202C3F80021D3F8003110BD69
:104B7000443600200044025808B5302383F31188DE
:104B8000FFF7C4FF002383F3118808BD836CC26A5A
:104B90008B42506810B506D95A1E4C0002EB4103F7
:104BA000B3FBF4F3184410BD01F001038A0748BFBA
:104BB00043F002034A0748BF43F008030A0748BF0F
:104BC00043F00403CA0648BF43F010038A06426B51
:104BD00048BF43F0200313434363704710B5074CAD
:104BE000204601F00DF8064B0022C4E91023054BC6
:104BF000A364054BE363054BE36410BDC836002096
:104C00000024024800B4C4041C3700201C390020D2
:104C1000C36A0BB9104BC3620379012B11D10F4B3F
:104C200098420ED10E4BD3F8DC2042F40072C3F848
:104C3000DC20D3F8042142F40072C3F80421D3F835
:104C40000431436C00221A65DA621A605A605A62B3
:104C50004FF0FF329A637047C4990008C8360020AD
:104C6000004402580379012B29D0436C00221A65B5
:104C7000DA621A605A605A624FF0FF329A63104B40
:104C800098421CD10F4BD3F8842042F40072C3F831
:104C90008420D3F8842022F40072C3F88420D3F84F
:104CA0008420D3F8DC2022F40072C3F8DC20D3F88F
:104CB000042122F40072C3F80421D3F804317047B0
:104CC000C83600200044025810B5446C0649FFF76E
:104CD0005DFF6060236842F2107043F003032360BD
:104CE000BDE8104001F0B2BD801A06000129F8B5F8
:104CF000466C0B4F09D175680A493D40FFF746FFE6
:104D0000054345F480557560F8BD746806493C401C
:104D1000FFF73CFF044344F480547460F4E700BFA1
:104D200000ECFFFF80F0FA0240787D01436C002226
:104D30005A601A6070470000426C0129536823F4DE
:104D4000404304D0022905D001B95360704743F4B1
:104D50008043FAE743F40043F7E70000436C41F473
:104D600080519A60D9605A6B1206FCD580229A63F2
:104D70007047000010B541F48851446CA260E160B6
:104D8000616B11F04502FBD0A26311F0040203D065
:104D9000FFF70AFF012010BD616910461960FAE7AC
:104DA00010B541F48851446CA260E160616B11F070
:104DB0004502FBD0A26311F0050203D0FFF7F4FE19
:104DC000012010BD616910461960FAE773B51346FA
:104DD00004460E46302282F31188426CD26B32B107
:104DE0004FF0FF314030019301F03CFD019B606CBE
:104DF00000220265C263C262456B15F4807504D15E
:104E000085F31188012002B070BD4FF0FF3181633E
:104E100082F31188012E06D90C21204602B0BDE88C
:104E20007040FFF7BDBF1046EDE7000073B5446C5E
:104E30000E4600250192616BA1632565E562FFF7CF
:104E4000B3FE012E07D9019B2A460C2102B0BDE812
:104E50007040FFF7A5BF02B070BD000010B541F46F
:104E60009851446CA260E160616B11F04502FBD087
:104E7000A26311F03F0203D0FFF796FE012010BDA0
:104E8000216A10461960E1695960A16999606169F8
:104E9000D960F4E72DE9F74304460191006D01A9BB
:104EA0001746984602F084FC064600284AD0626CF9
:104EB0002046DDF804905568C5F3090501356B00FF
:104EC000A56CB5FBF3F54FF47A73B5FBF3F55D43D1
:104ED000556200F017FD50BB636C4FF0FF320125A7
:104EE0004146C3F8589020461D659A634FF4957269
:104EF000DA6342F207029F62DA62E36C0A9AFFF712
:104F00004FFFA0B9E26C104B11680B407BB92946EA
:104F10002046FFF75BFF054648B92E463A46019901
:104F2000206D02F07DFC304603B0BDE8F083E26CFA
:104F300020460121FFF77AFF3A460199206D02F0E1
:104F40006FFCF0E70126EEE708E0FFFD2DE9F743EF
:104F50001F46436C01924FF47A725D68044688469E
:104F6000C5F3090501356E00856CB5FBF6F5B5FB9B
:104F7000F2F555435D6200F0C5FC20B101252846DD
:104F800003B0BDE8F0837E0201A9206D324602F035
:104F90000FFC05460028F1D0636C019AD4F84C90C0
:104FA0009A6501221A654FF0FF329A634FF49572A9
:104FB000DA639E62236BDB064B4658BF4FEA4828F4
:104FC000012F42461BD912212046FFF7E9FEC0B946
:104FD000D9F80020104B13409BB9636C42F2930246
:104FE00039462046DA62E26CFFF7F0FE804640B9AF
:104FF00032460199206D454602F012FCBFE71121AF
:10500000E2E7E26C39462046FFF710FF324601998D
:10501000206D02F005FCB2E708E0FFFD2DE9F34149
:105020001F46436C01924FF47A725D6804468846CD
:10503000C5F3090501356E00856CB5FBF6F5B5FBCA
:10504000F2F555435D6200F05DFC20B10125284674
:1050500002B0BDE8F0817E0201A9206D324602F067
:10506000F7FB05460028F1D0636C019A9A6501228E
:105070001A654FF0FF329A634FF48D72DA639E62C5
:10508000236BE66CDB06334658BF4FEA4828012FF6
:10509000424619D919212046FFF782FEB0B932687D
:1050A0000F4B134093B9636C42F29102394620468C
:1050B000DA62E26CFFF78AFE064638B90199354696
:1050C000206D02F001FCC2E71821E4E739462046D2
:1050D000E26CFFF7ABFE0199206D02F0F5FBB6E73D
:1050E00008E0FFFD12F0030F2DE9F04107460C46E2
:1050F00015461E4617D00E44B44202D10020BDE82A
:10510000F0810123FA6B21463846FFF71FFF002884
:10511000F5D128464FF40072F96B05F5007501349E
:10512000FCF7EEFDE8E7BDE8F041FFF70FBF000038
:1051300012F0030F2DE9F04107460C4615461E46B6
:1051400017D00E44B44202D10020BDE8F0812946B8
:105150004FF40072F86B05F50075FCF7D1FD0123E3
:10516000FA6B21463846FFF759FF0028EDD101348C
:10517000E8E7BDE8F041FFF751BF000000207047AD
:10518000302310B583F311880024436C403021464E
:10519000DC6301F075FB84F3118810BD026843687D
:1051A0001143016003B1184770470000024A1368B9
:1051B00043F0C0031360704700480040024A136880
:1051C00043F0C0031360704700500040024A136868
:1051D00043F0C0031360704700780040064BD3F8DB
:1051E000E8200243C3F8E820D3F810211043C3F8A5
:1051F0001001D3F8103170470044025837B5274CDE
:10520000274D204600F05CFD04F1140000940023BB
:105210004FF40072234900F0C1F94FF400722249A3
:1052200004F138000094214B00F03AFA204BC4E915
:105230001735204C204600F043FD04F11400009483
:1052400000234FF400721C4900F0A8F94FF40072DB
:105250001A4904F138000094194B00F021FA194B57
:10526000C4E91735184C204600F02AFD04F114005B
:1052700000234FF400721549009400F08FF9144B8D
:105280004FF40072134904F13800009400F008FA5A
:10529000114BC4E9173503B030BD00BF20390020E1
:1052A00000E1F505643A002064400020AD5100089B
:1052B000004800408C390020643C002064420020FB
:1052C000BD51000800500040F8390020643E002025
:1052D000CD510008644400200078004038B5264DC8
:1052E0000446037C002918BF0D46012B06D1234B31
:1052F000984230D14FF48020FFF770FF2A68236E68
:10530000E16D03EB5203A566B3FBF2F36A68100488
:1053100042BF23F0070003F0070343EA4003CB60DA
:10532000AB6843F040034B60EB6843F001038B60D4
:1053300042F4967343F001030B604FF0FF330B62AE
:10534000510505D512F0102211D0B2F1805F10D0B6
:1053500084F8643038BD0A4B984205D0094B984216
:10536000CCD14FF08040C7E74FF48010C4E77F23D3
:10537000EEE73F23ECE700BFCC990008203900207E
:105380008C390020F83900202DE9F047C66D05461C
:10539000F469220734621AD014F0080118BF4FF4E0
:1053A0008071E3074FF0300348BF41F02001A707A9
:1053B00048BF41F04001600748BF41F0800183F3DE
:1053C0001188281DFFF7EAFE002383F31188E20508
:1053D0000AD5302383F311884FF48061281DFFF72D
:1053E000DDFE002383F3118830274FF0000914F00D
:1053F000200838D137683B0615D54FF0300905F144
:10540000380A20060FD589F31188504600F07CF940
:10541000002835DA0821281DFFF7C0FE27F0800795
:10542000002383F31188790613D5620611D5302342
:1054300083F31188D5E913239A4207D12B6C2BB142
:1054400027F040071021281DFFF7A8FE002383F353
:105450001188E306376018D5AA6E1369ABB150699D
:10546000BDE8F047184787F31188736A284695F816
:105470006410194000F03EFC89F31188F469B6E726
:10548000B06288F31188F469BBE7BDE8F0870000DB
:10549000090100F16043012203F56143C9B283F8B9
:1054A000001300F01F039A4043099B0003F160437F
:1054B00003F56143C3F880211A60704700F01F03B1
:1054C00001229A40430900F160409B0000F56140D1
:1054D00003F1604303F56143C3F88020C3F88021E2
:1054E000002380F800337047F8B5154682680446FB
:1054F0000B46AA4200D28568A1692669761AB54290
:105500000BD218462A46FCF7FBFBA3692B44A36188
:105510002846A3685B1BA360F8BD0CD9AF1B1846D7
:105520003246FCF7EDFB3A46E1683044FCF7E8FB15
:10553000E3683B44EBE718462A46FCF7E1FBE368E7
:10554000E5E7000083689342F7B50446154600D2AC
:105550008568D4E90460361AB5420BD22A46FCF7B6
:10556000CFFB63692B4463612846A3685B1BA36080
:1055700003B0F0BD0DD93246AF1B0191FCF7C0FB63
:1055800001993A46E0683144FCF7BAFBE3683B44D2
:10559000E9E72A46FCF7B4FBE368E4E710B50A4400
:1055A0000024C361029B8460C16002610362C0E9A0
:1055B0000000C0E9051110BD08B5D0E905329342DD
:1055C00001D1826882B98268013282605A1C4261CC
:1055D00019700021D0E904329A4224BFC3684361A4
:1055E00001F068F9002008BD4FF0FF30FBE7000034
:1055F00070B5302304460E4683F31188A568A5B123
:10560000A368A269013BA360531CA36115782269BA
:10561000934224BFE368A361E3690BB12046984736
:10562000002383F31188284607E03146204601F025
:1056300031F90028E2DA85F3118870BD2DE9F74FC2
:1056400004460E4617469846D0F81C904FF0300A94
:105650008AF311884FF0000B154665B12A46314692
:105660002046FFF741FF034660B94146204601F05E
:1056700011F90028F1D0002383F31188781B03B0BF
:10568000BDE8F08FB9F1000F03D001902046C84764
:10569000019B8BF31188ED1A1E448AF31188DCE715
:1056A000C160C361009B82600362C0E905111144BF
:1056B000C0E9000001617047F8B504460D46164682
:1056C000302383F31188A768A7B1A368013BA360C7
:1056D00063695A1C62611D70D4E904329A4224BF86
:1056E000E3686361E3690BB120469847002080F3CB
:1056F000118807E03146204601F0CCF80028E2DAB4
:1057000087F31188F8BD0000D0E9052310B59A424F
:1057100001D182687AB982680021013282605A1C04
:1057200082611C7803699A4224BFC368836101F0D7
:10573000C1F8204610BD4FF0FF30FBE72DE9F74FD1
:1057400004460E4617469846D0F81C904FF0300A93
:105750008AF311884FF0000B154665B12A46314691
:105760002046FFF7EFFE034660B94146204601F0B0
:1057700091F80028F1D0002383F31188781B03B03F
:10578000BDE8F08FB9F1000F03D001902046C84763
:10579000019B8BF31188ED1A1E448AF31188DCE714
:1057A0000379052B05BF836A002001204B6004BFED
:1057B0004FF400730B60704773B504460D460F4EEF
:1057C000A26B01AB0D2120468DB1FFF7E9FA90B92C
:1057D000019B33420ED1C3F34323042B0BD0053B73
:1057E000022B07D84FF47A7001F030F8E8E7FFF7A2
:1057F000C1FAECE7012002B070BD00BF08E0FFFD78
:10580000F8B5856A0446A94202D26D1AAB4205D9A1
:10581000636B012043F080036363F8BD06250571C7
:10582000FFF760FC05232371F7E70000F8B5856AF0
:105830000446A94202D26D1AAB4205D9636B01201E
:1058400043F080036363F8BD07250571FFF770FC23
:1058500005232371F7E7000038B505790446052DC7
:1058600005D108230371FFF789FC257138BD01209C
:10587000FCE70000036B03F00F03022BF0B50546B5
:1058800085B00C464FF000070CD10F7003AB1A4ADD
:105890000621FFF785FA78B9184B039A13405BB9D4
:1058A000012308E0C66B7E220F7018307F2103F0C1
:1058B00037FA20B900232370002005B0F0BD06237D
:1058C0004022314628460097FFF7E4FA0028F1D13C
:1058D000B3895BBA9B07EFD5094B40223146284676
:1058E00000930623FFF7D6FA0028E3D1337C03F0B8
:1058F0000F030F2BDED0D3E70001B90308E0FFFD53
:10590000F1FFFF800121FFF757BF000070B5302382
:10591000054683F3118803790024022B03D184F315
:105920001188204670BD0423037184F31188022678
:10593000FFF7E8FF04462846FFF7F8F92E71F0E775
:105940000021FFF739BF00000323F0B5044687B0FC
:10595000002503718DF80F50FFF7B6F92A46294646
:105960002046FFF7FBF94FF4D57205AB082120461E
:10597000FFF716FA0246B8B901232363059BC3F368
:105980000323012B09D105AB37212046FFF708FA85
:1059900018B9934B059A1340ABB120460125FFF788
:1059A000C5F90223237114E105AB2A4637212046AD
:1059B000FFF7F6F928B98A4A059B1A40002A00F039
:1059C000AC8002232363236B03F00F03022B40F010
:1059D000AE806425834E42F2107000F037FF05ABB5
:1059E000324601212046FFF7C5F90028D5D1059B95
:1059F000002B80F298805B0003D5236B43F01003EB
:105A00002363002204F1080302212046FFF726FA4F
:105A100002460028C1D104F1380303212046FFF7D4
:105A2000BFF90028B9D104F11805A26B092120465D
:105A30002B46FFF713FA0028AFD104ABA26B072166
:105A40002046FFF7ADF90028A7D10DF10F01204640
:105A5000FFF710FF0028A0D19DF80F102046FFF798
:105A600045F92046FFF76CFF0646002895D1236BC9
:105A700003F00F03022B40F083807E227F21284613
:105A800003F04EF901287BD9E56B42F2107000F06B
:105A9000DDFE08234FF40072294620460096FFF7EA
:105AA000F9F900287FF479AF284603F087F9A0625E
:105AB0000DF10F012046FFF7DDFE00287FF46DAFEA
:105AC0009DF80F102046FFF711F904AB4FF4007258
:105AD00010212046FFF764F9054600287FF45DAFEA
:105AE0003F4E049B33427FF458AF236B13F00E0FED
:105AF00003F00F0248D0022A7FF44FAFE36A19780F
:105B0000012969D0022969D0002960D0364F20468A
:105B1000FFF712F905AB3A464EE0114620462263E4
:105B2000FFF71CF94FE7013D7FF455AF35E72F4DE7
:105B300064262F4A2A4F012B18BF154605AB0022B9
:105B400037212046FFF72CF900287FF426AF059B6C
:105B50003B427FF422AF05AB2A4629212046FFF7BE
:105B600009F900287FF419AF059B002BFFF643AF1E
:105B7000013E3FF412AF42F2107000F067FEDDE725
:105B8000284603F0EFF892E7E36A1978F9B10129A2
:105B90007FF403AF2046FFF7CFF805ABA26B3721A8
:105BA0002046FFF7FDF800287FF4F7AE059B33424F
:105BB0007FF4F3AE05AB022206212046FFF7F0F892
:105BC00000287FF4EAAE059B33427FF4E6AE05235E
:105BD0002371284607B0F0BD064F98E7064F96E7B9
:105BE00008E0FFFD0080FFC00000B7030080FF5009
:105BF000000010800001B7030002B703FEF7EEBFFC
:105C0000044B03600123037100234363C0E90A339B
:105C1000704700BFE499000810B53023044683F3B1
:105C20001188C162FEF7F4FF02230020237180F384
:105C3000118810BD10B53023044683F31188FFF797
:105C400011F800230122E362227183F3118810BD51
:105C5000026843681143016003B1184770470000B0
:105C60001430FFF7EBBC00004FF0FF331430FFF7A8
:105C7000E5BC00003830FFF761BD00004FF0FF3396
:105C80003830FFF75BBD00001430FFF7B1BC0000F7
:105C90004FF0FF311430FFF7ABBC00003830FFF796
:105CA0000BBD00004FF0FF323830FFF705BD00009C
:105CB000012914BF6FF0130000207047FFF79EBA50
:105CC000044B036000234360C0E9023301230374E3
:105CD000704700BF089A000810B53023044683F3CC
:105CE0001188FFF7FBFA02230020237480F3118848
:105CF00010BD000038B5C36904460D461BB9042128
:105D00000844FFF7A5FF294604F11400FFF754FCEF
:105D1000002806DA201D4FF40061BDE83840FFF787
:105D200097BF38BD026843681143016003B118474B
:105D30007047000013B5406B00F58054D4F8A438C8
:105D40001A681178042914D1017C022911D119791A
:105D5000012312898B4013420BD101A94C3002F070
:105D60000DFFD4F8A4480246019B2179206800F079
:105D700005FA02B010BD0000143002F08FBE000022
:105D80004FF0FF33143002F089BE00004C3002F0B7
:105D900061BF00004FF0FF334C3002F05BBF0000EA
:105DA000143002F05DBE00004FF0FF31143002F0FD
:105DB00057BE00004C3002F02DBF00004FF0FF3204
:105DC0004C3002F027BF000010B500F58054D4F825
:105DD000A4381A681178042917D1017C022914D13A
:105DE0005979012352898B4013420ED1143002F0AD
:105DF000F1FD024648B1D4F8A4484FF440736179EC
:105E00002068BDE8104000F0A7B910BD406BFFF757
:105E1000DBBF000000290CBF6FF0130000207047AB
:105E2000704700007FB5124B01250426044603602D
:105E30000023057400F1840243602946C0E902335F
:105E40000C4B0290143001934FF44073009602F013
:105E50009DFD094B04F69442294604F14C0002943E
:105E6000CDE900634FF4407302F064FE04B070BDEE
:105E7000309A00080D5E0008355D0008302383F37A
:105E800011880B790A680B3342F823004B791333DE
:105E900042F823008B7913B10B3342F8230000F54D
:105EA0008053C3F8A41802230374002080F31188E0
:105EB0007047000038B5037F044613B190F85430A2
:105EC000ABB90125201D0221FFF72CFF04F11400BE
:105ED0006FF00101257700F0F9FC04F14C0084F823
:105EE00054506FF00101BDE8384000F0EFBC38BD00
:105EF00010B5012104460430FFF714FF0023237777
:105F000084F8543010BD000038B504460025143024
:105F100002F054FD04F14C00257702F023FE201D11
:105F200084F854500121FFF7FDFE2046BDE83840BB
:105F3000FFF74ABF90F8803003F06003202B06D1B2
:105F400090F881200023212A03D81F2A06D8002098
:105F50007047222AFBD1C0E91D3303E0034A4267A0
:105F600007228267C3670120704700BF44220020D8
:105F700037B500F58055D5F8A4381A68117804298A
:105F80001AD1017C022917D11979012312898B407A
:105F9000134211D100F14C04204602F0A3FE58B187
:105FA00001A9204602F0EAFDD5F8A4480246019B6B
:105FB0002179206800F0E2F803B030BD2DE9F3410B
:105FC00004460D4621B301F10B0350F82360FEB1E6
:105FD000302383F3118800EB810706F14C08FB683E
:105FE0005B691B6833B1404602F0D6FD0821301DC5
:105FF000FFF798FE01A9404602F0C0FD024650B1ED
:10600000019B2946204600F0B9F8002383F311884C
:1060100002B0BDE8F081FB685A69126832B11B8A90
:10602000013B134002D104F18002EAE71021301D48
:10603000FFF778FEE9E7000038B509B3133150F8EF
:106040002140ECB1302383F3118804F58053D3F859
:10605000A4281368527903EB8203DB689B695D68AF
:1060600045B104216018FFF75DFE294604F11400D4
:1060700002F0BAFC2046FFF7A7FE002383F3118845
:1060800038BD00007047000010B50446002102F042
:106090009FFA0021204602F08FFA63681B6813B153
:1060A000062120469847A36823F00113A36000232C
:1060B000A367062384F8703010BD000001F07ABD9C
:1060C00001234022002110B5044600F8303BFBF7C5
:1060D0003DFE0023C4E9013310BD000010B530239C
:1060E000044683F311882422416000210C30FBF721
:1060F0002DFE204601F080FD02230020237080F356
:10610000118810BD70B500EB8103054650690E463D
:106110001446DA6018B110220021FBF717FEA069BF
:1061200018B110220021FBF711FE31462846BDE8C8
:10613000704001F069BE000083682022002103F056
:10614000011310B5044683601030FBF7FFFD2046B5
:10615000BDE8104001F0E4BEF0B4012500EB81047D
:1061600047898D40E4683D43A4694581236000234D
:10617000A2606360F0BC01F001BF0000F0B4012533
:1061800000EB810407898D40E4683D436469058123
:1061900023600023A2606360F0BC01F077BF0000C1
:1061A00070B5022300250446242203702946C0F856
:1061B00088500C30C56640F8045CFBF7C7FD2046EC
:1061C00084F8705001F0B2FD63681B6823B1294662
:1061D0002046BDE87040184770BD00000378052BCD
:1061E00010B504460AD080F88C300523037043684C
:1061F0001B680BB1042198470023A36010BD000069
:106200000178052906D190F88C20436802701B683C
:1062100003B118477047000070B590F8703004461D
:106220003BB1836823F0011383600023836780F808
:10623000703004F180020021204601F095FE636871
:106240009B684BB994F8803013F0600528D0204645
:10625000BDE87040FFF718BF204698470028F1D0EE
:10626000B4F88630A26F9A4288BFA36794F9803051
:10627000A56F002B4FF0300380F20281002D00F05B
:10628000F180092284F8702083F3118800212046D0
:10629000D4E91D23FFF772FF002383F3118870BD3B
:1062A00094F8812003F07F0343EA022340F2023294
:1062B000934200F0C48021D8B3F5807F47D00DD839
:1062C000012B3ED0022B00F09280002BBFD104F1B5
:1062D000880262670222A267E367C1E7B3F5817FA4
:1062E00000F09A80B3F5407FB1D194F88230012B51
:1062F000ADD1B4F8883043F0020331E0B3F5006F5C
:106300004CD017D8B3F5A06F30D0A3F5C063012BE4
:106310009DD86368204694F882205E6894F88310C4
:10632000B4F88430B047002891D0436863670368AD
:10633000A36719E0B3F5106F35D040F602429342DF
:1063400085D15C4B63670223A3670023C4E794F8FD
:106350008230012B7FF47BAFB4F8883023F0020346
:10636000A4F88830C4E91D55E56779E7B4F88030B2
:10637000B3F5A06F0ED194F88230204684F88A30AD
:1063800001F034FD63681B6813B101212046984772
:10639000032323700023C4E91D339DE704F18B031D
:1063A00063670123C4E72378042B10D1302383F3E0
:1063B00011882046FFF7C0FE85F31188032163682A
:1063C00084F88B5021701B680BB12046984794F8D5
:1063D0008230002BDED084F88B3004232370636876
:1063E0001B68002BD6D0022120469847D2E794F8AC
:1063F000843020461D0603F00F010AD501F0A6FDEA
:10640000012804D002287FF422AF2B4B9AE72B4BB4
:1064100098E701F08DFDF3E794F88230002B7FF4CC
:1064200016AF94F8843013F00F01B3D01A0620464B
:1064300002D502F0E5F8ADE702F0D6F8AAE794F845
:106440008230002B7FF403AF94F8843013F00F01F7
:10645000A0D01B06204602D502F0BAF89AE702F057
:10646000ABF897E7142284F8702083F311882B4649
:106470002A4629462046FFF76FFE85F311880EE76E
:106480005DB1152284F8702083F311880021204625
:10649000D4E91D23FFF760FEFEE60B2284F870208E
:1064A00083F311882B462A4629462046FFF766FECD
:1064B000E3E700BF609A0008589A00085C9A000859
:1064C00038B590F8703004460B2B09D80B2B37D811
:1064D000DFE803F00836363636360836360D27370D
:1064E000152B2DD12046BDE83840FFF7CDBD856F77
:1064F000B0F886309D4214D2C3681B8AB5FBF3F214
:1065000003FB12556DB9302383F311882B462A46BD
:106510002946FFF733FE85F311880A2384F870308B
:106520000EE0142384F87030302383F311880023A5
:1065300020461A461946FFF70FFE002383F3118801
:1065400038BDC36F03B19847A36823F00113A3605C
:106550000023A367E2E7000010B590F8703004460E
:10656000142B1ED00CD8062B05D001D81BB110BDA2
:106570000A3B012BFBD82046BDE81040FFF784BD45
:10658000152BF4D10B2380F87030302383F311885E
:1065900000231A461946FFF7F1FD002383F3118803
:1065A000E5E7C3689B695B68002BE0D1C36F03B16B
:1065B0009847A36823F00113A3600023A36784F81E
:1065C0007030D4E70023826880F8243083691B6828
:1065D00099689142FBD25A6803604260106058602B
:1065E000704700000023826880F8243083691B68AC
:1065F00099689142FBD85A68036042601060586005
:106600007047000008B50846302383F3118891F8DD
:106610002430032B05D0042B0DD02BB983F3118824
:1066200008BD8B6A00221A604FF0FF338362FFF7C8
:10663000C9FF0023F2E7D1E9003213605A60F3E7A3
:10664000034610B51B68984203D09C688A68944240
:10665000F8D25A680B604A601160596010BD0000A2
:10666000FFF7B0BF38B50B4B1C68DD6885F8240018
:10667000226853601A600122DC60A36884F8242039
:10668000934201D101F03EF929462046BDE8384049
:10669000F9F7B8BE684600200C4B30B5DD684B1CDE
:1066A00087B004460FD02B46094A684600F0A2F98D
:1066B0002046FFF7D7FF009B13B1684600F0A4F90E
:1066C000A86A07B030BDFFF7CDFFF9E768460020A4
:1066D00005660008044B1A68DB6890689B6898425E
:1066E00094BF0020012070476846002038B50C4B4D
:1066F0001C68DD68226853601A600122DC6084F83F
:106700002420AB68934201D101F0FEF82846FFF740
:1067100069FF01462046BDE83840F9F773BE00BF67
:1067200068460020044B1A68DB6892689B689A42AE
:1067300001D9FFF7DBBF70476846002038B5012359
:10674000084C00252370656002F066FB02F090FBA8
:106750000549064802F06EFC0223237085F3118878
:1067600038BD00BF10490020689A00086846002024
:1067700000F080B9034A516853685B1A9842FBD80D
:10678000704700BF001000E08B604B630023CA61BC
:1067900000F128020B6302230A618B8401238861C4
:1067A00081F8263001F11003C26A4A611360C362A6
:1067B00001F12C030846CB6270470000D0E901319B
:1067C000026841F8183CA1F19C033839CB60036999
:1067D00041F8243C436941F8203C034B41F8043C18
:1067E000C3680248FFF7D0BF1D04000868460020B8
:1067F00008B5FFF7E3FFBDE80840FFF731BF000031
:1068000038B50E4BDC6804F12C05A062E06AA842A2
:106810000FD194F826303BB994F825309B0702BF7E
:10682000D4E9043213605A600F20BDE83840FFF706
:1068300019BF0368E362FFF713FFE7E7684600202C
:10684000302383F31188FFF7DBBF000008B5014652
:10685000302383F311880820FFF71EFF002383F302
:10686000118808BD054BDB6821B1036098620320E5
:10687000FFF712BF4FF0FF30704700BF684600209F
:1068800003682BB10022026018469962FFF7E8BE48
:1068900070470000064BDB6839B1426818605A60E7
:1068A000136043600420FFF7F7BE4FF0FF307047DE
:1068B000684600200368984206D01A68026050605B
:1068C00018469962FFF7CCBE7047000038B5044601
:1068D0000D462068844200D138BD036823605C60A7
:1068E0008562FFF7BDFEF4E7036810B59C68A2421D
:1068F0000CD85C688A600B604C60216059609968B4
:106900008A1A9A604FF0FF33836010BD121B1B6818
:10691000ECE700000A2938BF0A2170B504460D468D
:106920000A26601902F072FA02F05AFA041BA54214
:1069300003D8751C04462E46F3E70A2E04D901201D
:10694000BDE8704002F03EBC70BD0000F8B5144BCD
:106950000D460A2A4FF00A07D96103F1100182603F
:1069600038BF0A2241601969144601604860186105
:10697000A81802F03BFA02F033FA431B0646A34282
:1069800006D37C1C28192746354602F03FFAF2E769
:106990000A2F04D90120BDE8F84002F013BCF8BD6D
:1069A00068460020F8B506460D4602F019FA0F4A6F
:1069B000134653F8107F9F4206D12A4601463046BF
:1069C000BDE8F840FFF7C2BFD169BB68441A2C1973
:1069D00028BF2C46A34202D92946FFF79BFF224637
:1069E00031460348BDE8F840FFF77EBF6846002007
:1069F00078460020C0E90323002310B45DF8044B5F
:106A00004361FFF7CFBF000010B5194C23699842CE
:106A10000DD08168D0E9003213605A609A680A4448
:106A20009A60002303604FF0FF33A36110BD02683A
:106A3000234643F8102F53600022026022699A42D5
:106A400003D1BDE8104002F0DBB9936881680B44C4
:106A5000936002F0C5F92269E1699268441AA24282
:106A6000E4D91144BDE81040091AFFF753BF00BF35
:106A7000684600202DE9F047DFF8BC8008F11007D8
:106A80002C4ED8F8105002F0ABF9D8F81C40AA6888
:106A9000031B9A423ED814444FF00009D5E9003256
:106AA000C8F81C4013605A60C5F80090D8F8103040
:106AB000B34201D102F0A4F989F31188D5E9033179
:106AC00028469847302383F311886B69002BD8D070
:106AD00002F086F96A69A0EB040982464A450DD2A4
:106AE000022002F06FFB0022D8F81030B34208D128
:106AF00051462846BDE8F047FFF728BF121A224446
:106B0000F2E712EB09092946384638BF4A46FFF733
:106B1000EBFEB5E7D8F81030B34208D01444C8F8FB
:106B20001C00211AA960BDE8F047FFF7F3BEBDE8DD
:106B3000F08700BF784600206846002038B502F094
:106B40004FF9054AD2E90845031B181945F1000120
:106B5000C2E9080138BD00BF6846002010B560B921
:106B6000074804790368053C9B6818BF01249847CF
:106B700008B144F00404204610BD0124FBE700BF27
:106B8000C8360020FFF7EABF2DE9F04788461746D0
:106B90009A460446B0B90D4E3579052D05D003242B
:106BA0000DE0013D15F0FF050ED032685346394621
:106BB0003046D2F814904246C8470028F1D120460A
:106BC000BDE8F0870424FAE70124F8E7C83600207E
:106BD0002DE9F047884617469A460446B0B90D4E4F
:106BE0003579052D05D003240DE0013D15F0FF0595
:106BF0000ED03268534639463046D2F81890424695
:106C0000C8470028F1D12046BDE8F0870424FAE700
:106C10000124F8E7C836002037B50C46154670B990
:106C200051B101290BD10748694603681B6A98478F
:106C300010B9019B04462B60204603B030BD0424EC
:106C4000FAE700BFC836002000207047FEE70000CA
:106C5000704700004FF0FF30704700004B68436002
:106C60008B688360CB68C3600B6943614B690362C7
:106C70008B6943620B6803607047000008B53C4BAA
:106C800040F2FF713B48D3F888200A43C3F88820BC
:106C9000D3F8882022F4FF6222F00702C3F888208C
:106CA000D3F88820D3F8E0200A43C3F8E020D3F8D3
:106CB00008210A43C3F808212F4AD3F808311146A6
:106CC000FFF7CCFF00F5806002F11C01FFF7C6FF63
:106CD00000F5806002F13801FFF7C0FF00F5806029
:106CE00002F15401FFF7BAFF00F5806002F1700174
:106CF000FFF7B4FF00F5806002F18C01FFF7AEFFF3
:106D000000F5806002F1A801FFF7A8FF00F58060A0
:106D100002F1C401FFF7A2FF00F5806002F1E0017B
:106D2000FFF79CFF00F5806002F1FC01FFF796FF82
:106D300002F58C7100F58060FFF790FF01F0FCFC1C
:106D40000E4BD3F8902242F00102C3F89022D3F800
:106D5000942242F00102C3F894220522C3F898203D
:106D60004FF06052C3F89C20054AC3F8A02008BD2C
:106D700000440258000002587C9A000800ED00E030
:106D80001F00080308B501F0EDFDFFF7D7FC104B1D
:106D9000D3F8DC2042F04002C3F8DC20D3F8042111
:106DA00022F04002C3F80421D3F80431094B1A68D9
:106DB00042F008021A601A6842F004021A6000F0F9
:106DC0008BFD00F041FBBDE8084000F0B5B800BF06
:106DD0000044025800180248012070470020704704
:106DE0007047000002290CD0032904D0012907486C
:106DF00018BF00207047032A05D8054800EBC200E1
:106E00007047044870470020704700BF7C9C000812
:106E100054220020309C000870B59AB00546084600
:106E2000144601A900F0C2F801A8FAF787FF431C35
:106E30000022C6B25B001046C5E90034237003236C
:106E4000023404F8013C01ABD1B202348E4201D8C5
:106E50001AB070BD13F8011B013204F8010C04F8DC
:106E6000021CF1E708B5302383F311880348FFF7CC
:106E70007FF8002383F3118808BD00BF1849002064
:106E800090F8803003F01F02012A07D190F881208A
:106E90000B2A03D10023C0E91D3315E003F0600382
:106EA000202B08D1B0F884302BB990F88120212A0A
:106EB00003D81F2A04D8FFF73DB8222AEBD0FAE7FF
:106EC000034A426707228267C3670120704700BFF9
:106ED0004B22002007B5052917D8DFE801F0191665
:106EE00003191920302383F31188104A01210190DE
:106EF000FFF708F9019802210D4AFFF703F90D4841
:106F0000FFF702F8002383F3118803B05DF804FB58
:106F1000302383F311880748FEF7CCFFF2E73023D4
:106F200083F311880348FEF7E3FFEBE7D09B0008EB
:106F3000F49B00081849002038B50C4D0C4C2A462B
:106F40000C4904F10800FFF767FF05F1CA0204F1DC
:106F500010000949FFF760FF05F5CA7204F1180037
:106F60000649BDE83840FFF757BF00BFF061002079
:106F700054220020B09B0008BA9B0008C59B000863
:106F800070B5044608460D46FAF7D8FEC6B220464C
:106F9000013403780BB9184670BD32462946FAF71A
:106FA000B9FE0028F3D10120F6E700002DE9F047F3
:106FB00005460C46FAF7C2FE2C49C6B22846FFF732
:106FC000DFFF08B10C36F6B229492846FFF7D8FF93
:106FD00008B11036F6B2632E0BD8DFF89080DFF8D8
:106FE0009090244FDFF898A02E7846B92670BDE81F
:106FF000F08729462046BDE8F04702F081B9252EEA
:1070000030D1072241462846FAF784FE80B91A4B50
:10701000224603F1100153F8040B8B4242F8040B93
:10702000F9D1198807359B78133411809370DBE709
:10703000082249462846FAF76DFE98B9A21C0F4B64
:10704000197802320909C95D02F8041C13F8011B02
:1070500001F00F015345C95D02F8031CF0D118344B
:107060000835C1E7013504F8016BBDE79C9C0008B9
:10707000C59B0008B89C0008A49C000800E8F11F0C
:107080000CE8F11FBFF34F8F044B1A695107FCD175
:10709000D3F810215207F8D1704700BF00200052EA
:1070A00008B50D4B1B78ABB9FFF7ECFF0B4BDA685B
:1070B000D10704D50A4A5A6002F188325A60D3F8DF
:1070C0000C21D20706D5064AC3F8042102F1883202
:1070D000C3F8042108BD00BF4E6400200020005208
:1070E0002301674508B5114B1B78F3B9104B1A699A
:1070F000510703D5DA6842F04002DA60D3F8102174
:10710000520705D5D3F80C2142F04002C3F80C21F8
:10711000FFF7B8FF064BDA6842F00102DA60D3F8F5
:107120000C2142F00102C3F80C2108BD4E6400207E
:10713000002000520F289ABF00F580604004002014
:10714000704700004FF40030704700001020704777
:107150000F2808B50BD8FFF7EDFF00F500330268E4
:10716000013204D104308342F9D1012008BD00204E
:10717000FCE700000F2838B505463FD8FFF782FF2F
:107180001F4CFFF78DFF4FF0FF3307286361C4F8F2
:1071900014311DD82361FFF775FF030243F0240368
:1071A000E360E36843F08003E36023695A07FCD49B
:1071B0002846FFF767FFFFF7BDFF4FF4003100F0EF
:1071C000BBFA2846FFF78EFFBDE83840FFF7C0BF87
:1071D000C4F81031FFF756FFA0F108031B0243F07B
:1071E0002403C4F80C31D4F80C3143F08003C4F804
:1071F0000C31D4F810315B07FBD4D9E7002038BD3F
:10720000002000522DE9F84F04460D46104644EA8E
:107210000203DE0602D00020BDE8F88F20F01F0038
:10722000DFF8D4B0DFF8D4A0FFF73AFF05EB000891
:10723000454503D10120FFF755FFEDE72022294600
:10724000204602F025F810B920342035F0E7234617
:1072500004F120021F68791CDDD104339342F9D177
:1072600004F178432048214EB3F5801F204B38BFEE
:10727000184603F1F80332BFD946D1461E46FFF740
:1072800001FF0760A4EB050C336805F11C0143F016
:10729000020333602B1FD9F8007017F00507FAD1ED
:1072A00053F8042F8B424CF80320F4D1BFF34F8FD7
:1072B000FFF7E8FE4FF0FF330360336823F002036B
:1072C0003360BFF34F8F0B4BC3F85C42BFF34F8F5C
:1072D000BFF36F8F20222946204601F0D9FF0028F6
:1072E000B2D03846A7E700BF142100520C2000524C
:1072F0001420005200ED00E0102000521021005236
:1073000010B5084C237828B11BB9FFF7C9FE01233B
:10731000237010BD002BFCD02070BDE81040FFF79B
:10732000E1BE00BF4E6400202DE9F04F0D4685B050
:10733000814658B111F00D0614BF2022082211F029
:107340000803019304D0431E034269D0002435E0B2
:10735000002E37D009F11F0121F01F094FF001085D
:10736000314F05F00403DFF8CCA005EA080BBBF1B0
:10737000000F32D07869C0072FD408F101080C370C
:10738000B8F1060FF3D19EB9284D4946A8190192CC
:1073900001F090FD0446002839D12036019AA02E34
:1073A000F3D1494601F086FD044600282FD1019A09
:1073B00049461F4801F07EFD044660BB204605B0EB
:1073C000BDE8F08F0029C9D101462846029201F09C
:1073D00071FD0446D8B9029AC0E713B17869410734
:1073E000CBD5AC0702D578698007C6D5019911B114
:1073F00078690107C1D549460AEB4810CDE9022357
:1074000001F058FD0446DDE902230028B5D04A46C4
:107410000021204601E04A460021FAF797FCCDE71B
:107420000246002E96D199E7CC9C0008906400207B
:1074300050640020706400200021FFF775BF000039
:107440000121FFF771BF000000231A4670B51A60D2
:107450000433B3F5806FFAD1104D0124104E06EBC2
:10746000441001342A6955F80C1F01F00FFD062C59
:10747000F5D137254FF4C0542046FFF7E1FF014610
:1074800028B122460748BDE8704001F0FFBCC4EBBC
:10749000C404013D4FEAD404EED170BDCC9C000879
:1074A00070640020506400200421FFF73DBF0000FD
:1074B0004843FFF7C1BF000008B101F075BD704738
:1074C000B0F5805F10B5044607D8FFF7EDFF28B987
:1074D0002046BDE81040FFF7AFBF002010BD000000
:1074E000FFF7EABF70B5AAB140EA010313F01F032A
:1074F0000FD1094C0144A5686D0706D52568A8423F
:1075000003D366683544A94204D903330C34122BE3
:10751000F1D10022104670BDCC9C000808B501F0E6
:1075200059FE034AD2E90032C01842EB010108BDFE
:1075300030650020434BD3E900232DE9F341134389
:107540007CD0FFF7EBFF404A00230027F8F774FFD9
:1075500006460D463D4A0023F8F76EFF0023144609
:1075600030462946394AF8F767FF4FF461613C23FA
:10757000ADF80170B4FBF1F5B4FBF3F601FB154176
:1075800003FB16464624B1FBF3F1314BF6B28DF8FE
:10759000004098423CD84FF0640C4FF4C87EA307DB
:1075A00004F26C7225D1B2FBFCF30CFB132313BB6A
:1075B000B2FBFEF30EFB1322B2FA82F35B0903F275
:1075C0006D18621C8045D2B217D90FB18DF80040FA
:1075D0000022204C4FF00C0C17460CFB0343D4B296
:1075E000013213F804C084450CD8A0EB0C0001272D
:1075F000F5E70023E3E70123E1E7A0EB08001446E9
:107600000127CCE70FB18DF80140431C8DF8023003
:107610009DF80100431C9DF800005038400640EAE8
:1076200043509DF8023040EA034040EA560040EAE9
:10763000C52040EA411002B0BDE8F0814FF40410CB
:10764000F9E700BF3065002040420F008051010083
:1076500090230B00149D00080244074BD2B210B5D2
:10766000904200D110BD441C00B253F8200041F8F4
:10767000040BE0B2F4E700BF504000580E4B30B5A9
:107680001C6F240405D41C6F1C671C6F44F4004459
:107690001C670A4C02442368D2B243F4807323600F
:1076A000074B904200D130BD441C51F8045B00B23E
:1076B00043F82050E0B2F4E7004402580048025872
:1076C0005040005807B5012201A90020FFF7C4FF70
:1076D000019803B05DF804FB13B50446FFF7F2FF11
:1076E000A04205D0012201A900200194FFF7C6FFA6
:1076F00002B010BD10B56424013C4FF47A70FFF75E
:10770000A5F814F0FF04F7D10A4B4FF480121424AB
:107710009A614FF080629A61A3F580534FF4005252
:107720009A61013C4FF47A70FFF790F814F0FF046F
:10773000F7D110BD001802580144BFF34F8F064B1C
:10774000884204D3BFF34F8FBFF36F8F7047C3F8E6
:107750005C022030F4E700BF00ED00E00144BFF31D
:107760004F8F064B884204D3BFF34F8FBFF36F8F09
:107770007047C3F870022030F4E700BF00ED00E06E
:1077800070B5054616460C4601201021FFF790FE05
:10779000286046733CB1204636B1FFF785FE2B6862
:1077A000186000B19C6070BDFFF74AFEF7E700006B
:1077B000F8B50F461546044648B905F11F010126E4
:1077C000386821F01F01FFF7B7FF3046F8BD427B54
:1077D00029463868FFF786FE06460028EDD13B684B
:1077E0006360A368AB4210D213B12068FFF764FE58
:1077F000637B28462BB1FFF757FE206020B9A060BD
:10780000E3E7FFF71DFEF8E7A560206805F11F011B
:10781000012621F01F013860FFF78EFF2673D4E7A1
:1078200070B50E4602F11F010446154621F01F01F6
:107830003046FFF793FF4CB12168B14206D1606832
:1078400010B12A46FAF75CFA0023237370BD0000DA
:10785000F8B50F461446054648B904F11F01012644
:10786000386821F01F01FFF779FF3046F8BD427BF1
:1078700021463868FFF736FE06460028EDD1AB6892
:10788000A34210D213B12868FFF716FE6B7B204687
:107890002BB1FFF709FE286020B9A860E5E7FFF7E4
:1078A000CFFDF8E7AC60396819B122462868FAF7CD
:1078B00027FA286804F11F01012621F01F01386012
:1078C000FFF74CFF2E73D0E720B103688B4204BF53
:1078D0000023037370470000034B1A681AB9034A68
:1078E000D2F8D0241A607047386500200040025852
:1078F00008B5FFF7F1FF024B1868C0F3806008BDC0
:10790000386500207047000070470000EFF30983DE
:10791000054968334A6B22F001024A6383F3098800
:10792000002383F31188704700EF00E0302080F3DC
:10793000118862B60D4B0E4AD96821F4E061090442
:10794000090C0A430B49DA60D3F8FC2042F080723C
:10795000C3F8FC20084AC2F8B01F116841F00101C9
:1079600011602022DA7783F82200704700ED00E0F2
:107970000003FA0555CEACC5001000E0302310B569
:1079800083F311880E4B5B6813F4006314D0F1EE9F
:10799000103AEFF309844FF08073683CE361094BC0
:1079A000DB6B236684F30988FEF794FE10B1064B67
:1079B000A36110BD054BFBE783F31188F9E700BF16
:1079C00000ED00E000EF00E02F04000832040008A2
:1079D00070B5BFF34F8FBFF36F8F1A4A0021C2F803
:1079E0005012BFF34F8FBFF36F8F536943F40033CF
:1079F0005361BFF34F8FBFF36F8FC2F88410BFF393
:107A00004F8FD2F8803043F6E074C3F3C900C3F35C
:107A10004E335B0103EA0406014646EA81750139EB
:107A2000C2F86052F9D2203B13F1200FF2D1BFF31C
:107A30004F8F536943F480335361BFF34F8FBFF3CC
:107A40006F8F70BD00ED00E0FEE70000214B224883
:107A5000224A70B5904237D3214BC11EDA1C121A4C
:107A600022F003028B4238BF00220021FAF76EF9A0
:107A70001C4A0023C2F88430BFF34F8FD2F8803005
:107A800043F6E074C3F3C900C3F34E335B0103EA6A
:107A90000406014646EA81750139C2F86C52F9D2F2
:107AA000203B13F1200FF2D1BFF34F8FBFF36F8F45
:107AB000BFF34F8FBFF36F8F0023C2F85032BFF375
:107AC0004F8FBFF36F8F70BD53F8041B40F8041B3A
:107AD000C0E700BF1C9E0008B4660020B46600200A
:107AE000B466002000ED00E0074BD3F8D81021EA7F
:107AF0000001C3F8D810D3F8002122EA0002C3F82D
:107B00000021D3F8003170470044025870B5D0E925
:107B1000244300224FF0FF359E6804EB42135101CD
:107B2000D3F80009002805DAD3F8000940F08040B6
:107B3000C3F80009D3F8000B002805DAD3F8000BCE
:107B400040F08040C3F8000B013263189642C3F83E
:107B50000859C3F8085BE0D24FF00113C4F81C3891
:107B600070BD0000F0B5D0E9246301250C309F689A
:107B700000231A4650F8041B59B18C6924B103F153
:107B8000100405FA04F42243496911B105FA03F11E
:107B90000A4301339F42EDD2C6F81C28F0BD000015
:107BA000890141F02001016103699B06FCD4122088
:107BB000FEF7E0BD10B50A4C2046FEF781FA094BEE
:107BC000C4F89030084BC4F89430084C2046FEF7B7
:107BD00077FA074BC4F89030064BC4F8943010BDC8
:107BE0003C65002000000840509D0008D86500203A
:107BF000000004405C9D000870B503780546012B29
:107C00005CD1434BD0F89040984258D1414B0E2163
:107C10006520D3F8D82042F00062C3F8D820D3F80A
:107C2000002142F00062C3F80021D3F80021D3F80C
:107C3000802042F00062C3F88020D3F8802022F038
:107C40000062C3F88020D3F88030FDF721FC324B6E
:107C5000E360324BC4F800380023D5F89060C4F8D4
:107C6000003EC02323604FF40413A3633369002B49
:107C7000FCDA01230C203361FEF77CFD3369DB075E
:107C8000FCD41220FEF776FD3369002BFCDA0026C7
:107C90002846A660FFF73AFF6B68C4F81068DB68F7
:107CA000C4F81468C4F81C6883BB1D4BA3614FF073
:107CB000FF336361A36843F00103A36070BD194BF8
:107CC0009842C9D1134B4FF08060D3F8D82042F0CE
:107CD0000072C3F8D820D3F8002142F00072C3F834
:107CE0000021D3F80021D3F8802042F00072C3F8BD
:107CF0008020D3F8802022F00072C3F88020D3F8CF
:107D00008030FFF7F1FE0E214D209EE7064BCDE7B8
:107D10003C6500200044025840140040030020024B
:107D2000003C30C0D8650020083C30C0F8B5D0F821
:107D30009040054600214FF000662046FFF730FFD7
:107D4000D5F8941000234FF001128F684FF0FF30E8
:107D5000C4F83438C4F81C2804EB431201339F42A2
:107D6000C2F80069C2F8006BC2F80809C2F8080B33
:107D7000F2D20B68D5F89020C5F8983063621023D2
:107D80001361166916F01006FBD11220FEF7F2FC03
:107D9000D4F8003823F4FE63C4F80038A36943F430
:107DA000402343F01003A3610123C4F810380923D2
:107DB000C4F814380B4BEB604FF0C043C4F8103BD1
:107DC000094BC4F8003BC4F81069C4F80039D5F871
:107DD000983003F1100243F48013C5F89820A36291
:107DE000F8BD00BF2C9D000840800010D0F8902006
:107DF00090F88A10D2F8003823F4FE6343EA0113A6
:107E0000C2F80038704700002DE9F84300EB810309
:107E1000D0F890500C468046DA680FFA81F9480194
:107E2000166806F00306731E022B05EB41134FF094
:107E3000000194BFB604384EC3F8101B4FF0010187
:107E400004F1100398BF06F1805601FA03F391691B
:107E500098BF06F5004600293AD0578A04F1580128
:107E6000374349016F50D5F81C180B430021C5F862
:107E70001C382B180127C3F81019A7405369611E3D
:107E80009BB3138A928B9B08012A88BF5343D8F86F
:107E90009820981842EA034301F140022146C8F8AD
:107EA0009800284605EB82025360FFF779FE08EB45
:107EB0008900C3681B8A43EA845348341E43640123
:107EC0002E51D5F81C381F43C5F81C78BDE8F8833F
:107ED00005EB4917D7F8001B21F40041C7F8001B38
:107EE000D5F81C1821EA0303C0E704F13F030B4A4D
:107EF0002846214605EB83035A60FFF751FE05EB48
:107F00004910D0F8003923F40043C0F80039D5F8FF
:107F10001C3823EA0707D7E700800010000400029E
:107F2000D0F894201268C0F89820FFF7EFBD000049
:107F30005831D0F8903049015B5813F4004004D018
:107F400013F4001F0CBF0220012070474831D0F805
:107F5000903049015B5813F4004004D013F4001F23
:107F60000CBF02200120704700EB8101CB68196A29
:107F70000B6813604B6853607047000000EB81038F
:107F800030B5DD68AA691368D36019B9402B84BF86
:107F9000402313606B8A1468D0F890201C4402EBD5
:107FA0004110013C09B2B4FBF3F46343033323F003
:107FB000030343EAC44343F0C043C0F8103B2B68BB
:107FC00003F00303012B0ED1D2F8083802EB411065
:107FD00013F4807FD0F8003B14BF43F0805343F08C
:107FE0000053C0F8003B02EB4112D2F8003B43F0D3
:107FF0000443C2F8003B30BD2DE9F041D0F8906059
:1080000005460C4606EB4113D3F8087B3A07C3F844
:10801000087B08D5D6F814381B0704D500EB81037C
:10802000DB685B689847FA071FD5D6F81438DB077A
:108030001BD505EB8403D968CCB98B69488A5A688B
:10804000B2FBF0F600FB16228AB91868DA68904293
:108050000DD2121AC3E90024302383F3118821467C
:108060002846FFF78BFF84F31188BDE8F0810123D8
:1080700003FA04F26B8923EA02036B81CB68002BBD
:10808000F3D021462846BDE8F041184700EB8103B4
:108090004A0170B5DD68D0F890306C692668E660FA
:1080A00056BB1A444FF40020C2F810092A6802F0A7
:1080B0000302012A0AB20ED1D3F8080803EB4214D6
:1080C00010F4807FD4F8000914BF40F0805040F0D5
:1080D0000050C4F8000903EB4212D2F8000940F046
:1080E0000440C2F800090122D3F8340802FA01F171
:1080F0000143C3F8341870BD19B9402E84BF402025
:10810000206020681A442E8A8419013CB4FBF6F4DE
:1081100040EAC44040F00050C6E700002DE9F84FA7
:10812000D0F8906005460C464F0106EB4113D3F89A
:10813000088918F0010FC3F808891CD0D6F8103848
:10814000DB0718D500EB8103D3F80CC0DCF8143042
:10815000D3F800E0DA68964533D2A2EB0E024FF076
:1081600000091A60C3F80490302383F31188FFF7E5
:108170008DFF89F3118818F0800F20D0D6F834389D
:108180000126A64033421AD005EB84030134D5F80A
:1081900090506FF00308D3F80CC0E4B22F44DCF821
:1081A000140005EB0434D0F800E0D0F80490F14559
:1081B00014D3D5F8343823EA0606C5F83468BDE888
:1081C000F88F012303FA01F2038923EA02030381F2
:1081D000DCF80830002BCED09847CCE7AEEB090393
:1081E000BCF81020934228BF1346D7F8182992B242
:1081F000B3EB820FE3D88268194602EB030B032925
:10820000ABEB010A1CD84FEA930A23F0030B08FBDF
:108210000A31934479B1022918D0032918D19BF867
:10822000021009049BF801B041EA0B2112F82AA0C0
:108230004AEA010121601A444B4482604360B4E77A
:10824000DAF800A00439C4F800A0D8E70021E9E773
:108250000021EBE72DE9F74F0446D0F890504FF09E
:1082600040094FF0010A6F69AB691F4017F480584D
:108270006F6105D0204603B0BDE8F04FFDF790BF19
:10828000002F15DAD5F8003E9E0705D0D5F8003E40
:1082900023F00303C5F8003E2046FFF763FCD5F842
:1082A0000438204623F00103C5F80438FDF7A8FF81
:1082B000380505D52046FFF729FC2046FDF78EFF3F
:1082C000B9040CD5D5F8083813F0060FEB6823F481
:1082D00070530CBF43F4105343F4A053EB603A07C0
:1082E0001AD56368DB681BB9AB6923F00803AB617F
:1082F0002378052B08D1D5F8003E204623F0030350
:10830000C5F8003EFDF77CFF2046FFF72BFC6368B5
:10831000DB680BB120469847FB026ED4BE0209D53C
:10832000D4F890200026D4F89430F1B29B6899429A
:1083300040F29B803803D5F8186800F1B4807A03C6
:1083400035D5F30703D500212046FFF7E7FEB00738
:1083500003D501212046FFF7E1FE710703D5022175
:108360002046FFF7DBFE320703D503212046FFF747
:10837000D5FEF30603D504212046FFF7CFFEB00655
:1083800003D505212046FFF7C9FE710603D5062156
:108390002046FFF7C3FE320603D507212046FFF72C
:1083A000BDFEF30503D508212046FFF7B7FEFE0604
:1083B00019D5D4F89060336AC3F30A1203F00F00A2
:1083C00003F4F013B3F5802F00F0B280B3F5402F23
:1083D00009D104EB8000002106F58056C3681B6AB2
:1083E0008A4240F09880694B1F4203D0B9F10109DD
:1083F0007FF439AF03B0BDE8F08FD4F890604FF050
:10840000000BD4F894205FFA8BF19268914285D8E2
:1084100006EB4112D2F8000900F44020B0F5802F9D
:1084200020D1D2F8000900281CDAD2F8000940F067
:108430009040C2F80009D2F800090028FBDBD4F80C
:1084400090000191FFF7ACFB019920890AFA01F233
:1084500020EA0202228104EB8102D26892680AB10A
:10846000204690470BF1010BCBE702EB4110D0F80F
:10847000003B03F44023B3F5802F12D1D0F8003B2A
:10848000002B0EDA60890AFA01F320EA0303638104
:1084900004EB8103DB68DB681BB12046019298473F
:1084A000019A01363FE7F10303D500212046FFF78B
:1084B000A3FDB20303D501212046FFF79DFD730301
:1084C00003D502212046FFF797FD300303D5032192
:1084D0002046FFF791FDF10203D504212046FFF766
:1084E0008BFDB20203D505212046FFF785FD7302FF
:1084F00003D506212046FFF77FFD300203D5072173
:108500002046FFF779FDF1017FF519AF08212046DC
:10851000FFF772FD13E7880701D1D6F8008007291D
:1085200001F101019CBF03F8018B4FEA182857E7BE
:1085300004EB800E4FF0000C06F58056DEF80C3090
:108540009969D1E900038968C31A624510D1DEF840
:108550000C1093428869D0E901168BBFB618F61843
:1085600052185B1887BF86604260866043603AE7B6
:108570001CF0030F01D1D6F8008063450CF1010C0B
:1085800084BF01F8018B4FEA1828DEE730000004B1
:1085900008B50348FFF75EFEBDE80840FFF7EEB9F7
:1085A0003C65002008B50348FFF754FEBDE80840CD
:1085B000FFF7E4B9D8650020D0F8903003EB411103
:1085C000D1F8003B43F40013C1F8003B70470000B2
:1085D000D0F8903003EB4111D1F8003943F4001387
:1085E000C1F8003970470000D0F8903003EB41111A
:1085F000D1F8003B23F40013C1F8003B70470000A2
:10860000D0F8903003EB4111D1F8003923F4001376
:10861000C1F8003970470000064BD3F8DC20024354
:10862000C3F8DC20D3F804211043C3F80401D3F8C5
:10863000043170470044025808B53E4B4FF0FF31FB
:10864000D3F8802062F00042C3F88020D3F8802065
:1086500002F00042C3F88020D3F88020D3F88420B1
:10866000C3F88410D3F884200022C3F88420D3F800
:108670008400D86F40F0FF4040F4FF0040F4DF403A
:1086800040F07F00D867D86F20F0FF4020F4FF0053
:1086900020F4DF4020F07F00D867D86FD3F888003F
:1086A0006FEA40506FEA5050C3F88800D3F8880052
:1086B000C0F30A00C3F88800D3F88800D3F890000C
:1086C000C3F89010D3F89000C3F89020D3F890002E
:1086D000D3F89400C3F89410D3F89400C3F894200E
:1086E000D3F89400D3F89800C3F89810D3F8980002
:1086F000C3F89820D3F89800D3F88C00C3F88C10F6
:10870000D3F88C10C3F88C20D3F88C20D3F89C209D
:1087100062F00202C3F89C20D3F89C2002F002020F
:10872000C3F89C20D3F89C30FCF754F9BDE808400E
:1087300000F0FCB80044025808B50122534BC3F8BE
:108740000821534BD3F8F42042F00202C3F8F4207E
:10875000D3F81C2142F00202C3F81C210222D3F8F4
:108760001C314C4BDA605A689104FCD54A4A1A60B5
:1087700001229A60494ADA6000221A614FF44042AD
:108780009A61444B9A699204FCD51A6842F480724B
:108790001A603F4B1A6F12F4407F04D04FF48032BE
:1087A0001A6700221A671A6842F001021A60384BF1
:1087B0001A685007FCD500221A611A6912F03802B3
:1087C000FBD1012119604FF0804159605A67344A4A
:1087D000DA62344A1A611A6842F480321A602C4B09
:1087E0001A689103FCD51A6842F480521A601A681C
:1087F0009204FCD52C4A2D499A6200225A631963CF
:1088000001F57C01DA6301F2E71199635A64284AA1
:108810001A64284ADA621A6842F0A8521A601C4B9D
:108820001A6802F02852B2F1285FF9D148229A6101
:108830004FF48862DA6140221A621F4ADA641F4AE2
:108840001A651F4A5A651F4A9A6532231E4A1360E9
:10885000136803F00F03022BFAD10D4A136943F09A
:1088600003031361136903F03803182BFAD14FF097
:108870000050FFF7D1FE4FF08040FFF7CDFE4FF0E4
:108880000040BDE80840FFF7C7BE00BF00800051B0
:10889000004402580048025800C000F002000001E5
:1088A0000000FF01008890082220400063020901B7
:1088B000470E0508DD0BBF0120000020000001105D
:1088C0000910E000000101100020005208B5034823
:1088D000FCF756FCBDE80840FFF750B8C83600204A
:1088E00008B50348FCF750FDBDE80840FFF746B85F
:1088F0002039002008B50348FCF746FDBDE80840D4
:10890000FFF73CB88C39002008B50348FCF73CFD64
:10891000BDE80840FFF732B8F839002008B500F08C
:10892000A1FCBDE80840FFF729B8000008B50921FF
:108930007A20FCF7ADFD09217C20FCF7A9FD072179
:108940003220FCF7A5FD0C212720FCF7A1FD0C210E
:108950003520FCF79DFD0C215220BDE80840FCF7B6
:1089600097BD000008B5FFF767FE00F04FFCFDF76C
:10897000A5F9FDF743F9FDF7A1FBFDF751FAFEF765
:108980002FFABDE8084000F029BA000030B50433E2
:10899000039C0172002103FB0425C160C0E906535A
:1089A000049B0363059BC0E90000C0E90422C0E901
:1089B0000842C0E90A11436330BD00000022416A49
:1089C000C260C0E90411C0E90A226FF00101FDF79D
:1089D0007DBF0000D0E90432934201D1C2680AB9D8
:1089E000181D704700207047036919600021C26894
:1089F0000132C260C269134482699342036124BF99
:108A0000436A0361FDF756BF38B504460D46E36877
:108A10003BB162690020131D1268A3621344E36234
:108A200007E0237A33B929462046FDF733FF0028B3
:108A3000EDDA38BD6FF00100FBE70000C368C269E2
:108A4000013BC3604369134482699342436124BF7D
:108A5000436A436100238362036B03B11847704785
:108A600070B53023044683F31188866A3EB9FFF758
:108A7000CBFF054618B186F31188284670BDA36A5E
:108A8000E26A13F8015B9342A36202D32046FFF728
:108A9000D5FF002383F31188EFE700002DE9F84F9D
:108AA00004460E46174698464FF0300989F3118860
:108AB0000025AA46D4F828B0BBF1000F09D14146E1
:108AC0002046FFF7A1FF20B18BF311882846BDE8AF
:108AD000F88FD4E90A12A7EB050B521A934528BF69
:108AE0009346BBF1400F1BD9334601F1400251F8C8
:108AF000040B914243F8040BF9D1A36A4036403588
:108B00004033A362D4E90A239A4202D32046FFF7F6
:108B100095FF8AF31188BD42D8D289F31188C9E73D
:108B200030465A46F9F7ECF8A36A5E445D445B446C
:108B3000A362E7E710B5029C0433017203FB042132
:108B4000C460C0E906130023C0E90A33039B036332
:108B5000049BC0E90000C0E90422C0E90842436365
:108B600010BD0000026A6FF00101C260426AC0E9F4
:108B700004220022C0E90A22FDF7A8BED0E904239E
:108B80009A4201D1C26822B9184650F8043B0B60E2
:108B9000704700231846FAE7C3680021C269013311
:108BA000C3604369134482699342436124BF436AAB
:108BB0004361FDF77FBE000038B504460D46E3680B
:108BC0003BB1236900201A1DA262E2691344E362EB
:108BD00007E0237A33B929462046FDF75BFE0028DB
:108BE000EDDA38BD6FF00100FBE7000003691960A2
:108BF000C268013AC260C269134482699342036148
:108C000024BF436A036100238362036B03B11847E7
:108C10007047000070B530230D460446114683F3BB
:108C20001188866A2EB9FFF7C7FF10B186F3118845
:108C300070BDA36A1D70A36AE26A01339342A36206
:108C400004D3E16920460439FFF7D0FF002080F308
:108C50001188EDE72DE9F84F04460D4690469946F8
:108C60004FF0300A8AF311880026B346A76A4FB93D
:108C700049462046FFF7A0FF20B187F31188304610
:108C8000BDE8F88FD4E90A073A1AA8EB060797421D
:108C900028BF1746402F1BD905F1400355F8042B78
:108CA0009D4240F8042BF9D1A36A40364033A362B9
:108CB000D4E90A239A4204D3E16920460439FFF734
:108CC00095FF8BF311884645D9D28AF31188CDE7F9
:108CD00029463A46F9F714F8A36A3D443E443B441A
:108CE000A362E5E7D0E904239A4217D1C3689BB198
:108CF000836A8BB1043B9B1A0ED01360C368013B9F
:108D0000C360C3691A4483699A42026124BF436AFB
:108D10000361002383620123184670470023FBE7A9
:108D200001F01F03F0B502F01F0456095A1C01237D
:108D3000B6EB511F50F8265003FA02F34FEA5117D1
:108D400003F1FF333DBF50F82720C4F1200013404A
:108D500003EA05003BBF03FA00F225FA04F0E04005
:108D60001043F0BD70B57E227F210546FFF7D8FF86
:108D700018B1012819D0002070BD3E224921284693
:108D8000FFF7CEFF2F22044631212846FFF7C8FF08
:108D9000064601345022023653212846B440FFF7DC
:108DA000BFFF093804FA00F0E6E7302245212846E3
:108DB000FFF7B6FF01308002DEE7000090F8D63002
:108DC00090F8D7201B0403EB026390F8D42090F8AE
:108DD000D500134403EB00207047000000F018BAE0
:108DE000014B586A704700BF000C0040034B002243
:108DF00058631A610222DA60704700BF000C00401D
:108E0000014B0022DA607047000C0040014B5863B0
:108E1000704700BF000C0040024B034A1A60034A2F
:108E20005A6070478C660020B8660020000002205F
:108E3000094B70B5D3E90054661BB04209D8201A1B
:108E400049420840821A954203D8944201D35A609D
:108E500070BD0020FCE700BF8C66002008B5302301
:108E600083F31188FFF7E4FF002383F3118808BD23
:108E70000448054B03600023C0E901330C3000F0C7
:108E80001FB900BF946600205D8E0008CB1D083A14
:108E900023F00703591A521A10B4D2080024C0E96B
:108EA000004384600C301C605A605DF8044B00F095
:108EB00007B900002DE9F74FCC1D3A4F0E4624F0BC
:108EC0000703002818BF0746994204D9002420460A
:108ED00003B0BDE8F08F082A07F10C004FEAD40474
:108EE00038BF08220190904600F02CF93A1D0198F5
:108EF00008F1070EC8F100099446126872B900F033
:108F00002BF93B68002BE1D0E0000822414698474E
:108F100004460028DBD040E90276D8E702EB0E01D8
:108F2000D2F804A001EA09010AF10105A1F1080340
:108F300002EBC5059D42DFD9691AB4EBE10F4FEA98
:108F4000E10BD9D89A4219D202F10801A345A3EB4B
:108F500001014FEAE101516009D9651CE44303EBCB
:108F6000C5015C444C60146843F8354011601C46F0
:108F70005E6044F8087B00F0EFF8A8E7A2451168AE
:108F800003D1CCF800101346F1E7013402EBC4031F
:108F900042F8341003F108016D1AED105D60CCF851
:108FA0000030F0E79466002073B50446A0F1080590
:108FB00050F8080C54F8043C061D0C30073301909F
:108FC000DB0844F8043C00F0BDF8334601989E42AB
:108FD0001A6801D0AB4228D20AB1954225D244F892
:108FE000082C54F8042C1D60013254F8081C05EBC1
:108FF000C206B14206D14E68324444F8042C0A68D5
:1090000044F8082C5E68711C03EBC1018D4207D146
:1090100054F8042C013232445A6054F8082C1A6077
:1090200002B0BDE8704000F097B81346CFE70000EB
:10903000FEE7000070B51E4B0025044686B0586060
:109040000E4605638163FEF771FC04F12803A560F9
:109050006563C4E90A3304F11003C4E904334FF033
:10906000FF33C4E90044C4E90635FFF7B9FE2B46D7
:10907000024604F13C012046C4E9082380230D4A3E
:109080006567FDF781FB7368E0600B4A03620123AB
:10909000009280F824306846F26801923269CDE986
:1090A0000223064BCDE90435FDF7A2FB06B070BDE7
:1090B00010490020709D0008689D0008319000084C
:1090C0000023C0E9000083600361704770B51C4B4A
:1090D00005468468DE685CB3B44213D1036901338A
:1090E000036170BDA36094F8243083B1062B15D1C1
:1090F000A06A2146D4E9003213605A60FDF7A0FA55
:10910000A36A9C68B368A2689A42EBD306E0D4E9EC
:109110000032204613605A60FDF7A2FA2846314615
:10912000FDF78EFAB5620620BDE87040FDF79ABAE9
:109130000369866001330361336BC3603063D0E73A
:109140006846002008B5302383F31188FFF7BEFF7F
:10915000002383F3118808BD194BD96883688B42BB
:1091600010B520D1302383F311880269013A0261DE
:10917000B2B90468C368A0420B631ED04A6B9BB9A6
:1091800001238A60036103681A68026050601A6BE9
:109190008360C26018631846FDF762FAFDF7C2FAF1
:1091A000002383F3118810BD1C68A34203D0A46878
:1091B000A24238BF2246DB68E1E78260F0E700BFE9
:1091C00068460020024A536B18435063704700BF43
:1091D0006846002038B5EFF311859DB9EFF305849B
:1091E000C4F30804302334B183F31188FDF7A6FCDF
:1091F00085F3118838BD83F31188FDF79FFC84F354
:10920000118838BDBDE83840FDF798BC70470000B4
:10921000114BD3F8E82042F00802C3F8E820D3F855
:10922000102142F00802C3F810210C4AD3F8103183
:10923000D36B43F00803D363C722094B9A624FF004
:10924000FF32DA6200229A615A63DA605A600122C0
:109250005A611A60704700BF004402580010005C59
:10926000000C0040094A08B51169D3680B40D9B217
:109270009B076FEA0101116107D5302383F3118841
:10928000FDF776FA002383F3118808BD000C004037
:1092900010B501390244904201D1002005E0037865
:1092A00011F8014FA34201D0181B10BD0130F2E7A5
:1092B000884210B501EB020402D98442234607D844
:1092C000431EA14208D011F8012B03F8012FF8E743
:1092D000024401468A4200D110BD13F8014D02F844
:1092E000014DF7E7C9B2034610F8012B1AB18A42C3
:1092F000F9D118467047002918BF0023F9E700008C
:10930000034611F8012B03F8012B002AF9D170470D
:1093100010B50139034632B111F8014F03F8014B82
:10932000013A002CF7D11A440021934200D110BD1C
:1093300003F8011BF9E7000035386638323631355D
:109340003332326636383836000000001210000022
:1093500012110000121300004D4435002D2D0A009B
:109360002F6172647570696C6F742E6162696E0032
:109370002F6172647570696C6F742D7665726966A1
:10938000792E6162696E002F6172647570696C6F0D
:10939000742D666C6173682E6162696E002F617254
:1093A000647570696C6F742D666C61736865642E8A
:1093B0006162696E00000000000000000000000013
:1093C000150F0008D90F000829110008190F00080F
:1093D000D10F00080000000000000000110F00087D
:1093E000E50F0008611100080D0F0008410F00088B
:1093F00053544D333248373F3F3F0053544D33327F
:10940000483733782F3732780053544D333248374A
:1094100034332F3735332F373530000001105A00E1
:109420000310590001205800032056002F000000AF
:109430005375636365737366756C6C79206D6F75B6
:109440006E746564205344436172642028736C6FAA
:1094500077646F776E3D2575290A0000EB7690459D
:1094600058464154202020004641543332202020C9
:10947000000000002A3A3C3E7C223F7F002B2C3B20
:109480003D5B5D00435545414141414345454549AB
:10949000494941414592924F4F4F5555594F554F6C
:1094A0009C4F9E9F41494F55A5A5A6A7A8A9AAAB29
:1094B000ACADAEAFB0B1B2B3B4414141B8B9BABBD3
:1094C000BCBDBEBFC0C1C2C3C4C54141C8C9CACB6F
:1094D000CCCDCECFD1D145454549494949D9DADB33
:1094E000DCDD49DF4FE14F4F4F4FE6E8E85555557A
:1094F0005959EEEFF0F1F2F3F4F5F6F7F8F9FAFB5B
:10950000FCFDFEFF01030507090E10121416181CBE
:109510001E00000061001A03E0001703F8000703B3
:10952000FF0001007801000130013201060139011C
:1095300010014A012E017901060180014D0043020C
:1095400081018201820184018401860187018701F2
:1095500089018A018B018B018D018E018F019001A0
:109560009101910193019401F601960197019801EF
:1095700098013D029B019C019D0120029F01A001D9
:10958000A001A201A201A401A401A601A701A701B3
:10959000A901AA01AB01AC01AC01AE01AF01AF0161
:1095A000B101B201B301B301B501B501B701B80111
:1095B000B801BA01BB01BC01BC01BE01F701C00189
:1095C000C101C201C301C401C501C401C701C80171
:1095D000C701CA01CB01CA01CD011001DD010100A3
:1095E0008E01DE011201F3010300F101F401F40127
:1095F000F8012801220212013A020900652C3B02FF
:109600003B023D02662C3F024002410241024602FB
:109610000A015302400081018601550289018A0135
:1096200058028F015A0290015C025D025E025F02E5
:10963000930161026202940164026502660267029C
:10964000970196016A02622C6C026D026E029C0107
:10965000700271029D01730274029F01760277020B
:10966000780279027A027B027C02642C7E027F02FD
:10967000A60181028202A901840285028602870274
:10968000AE014402B101B20145028D028E028F0289
:1096900090029102B7017B030300FD03FE03FF0369
:1096A000AC0304008603880389038A03B103110312
:1096B000C2030200A303A303C4030803CC030300F3
:1096C0008C038E038F03D8031801F2030A00F903F9
:1096D000F303F403F503F603F703F703F903FA03BF
:1096E000FA033004200350041007600422018A04A6
:1096F0003601C1040E01CF040100C004D0044401AE
:1097000061052604000000007D1D0100632C001E81
:109710009601A01E5A01001F0806101F0606201FF2
:109720000806301F0806401F0606511F0700591F74
:10973000521F5B1F541F5D1F561F5F1F601F0806CF
:10974000701F0E00BA1FBB1FC81FC91FCA1FCB1F27
:10975000DA1FDB1FF81FF91FEA1FEB1FFA1FFB1FA1
:10976000801F0806901F0806A01F0806B01F0400EF
:10977000B81FB91FB21FBC1FCC1F0100C31FD01FD1
:109780000206E01F0206E51F0100EC1FF31F0100A7
:10979000FC1F4E21010032217021100284210100A2
:1097A0008321D0241A05302C2F04602C0201672C51
:1097B0000601752C0201802C6401002D260841FF52
:1097C0001A030000C700FC00E900E200E400E0002A
:1097D000E500E700EA00EB00E800EF00EE00EC0037
:1097E000C400C500C900E600C600F400F600F2009F
:1097F000FB00F900FF00D600DC00F800A300D80051
:10980000D7009201E100ED00F300FA00F100D10071
:10981000AA00BA00BF00AE00AC00BD00BC00A100B1
:10982000AB00BB0091259225932502252425C1007C
:10983000C200C000A9006325512557255D25A2005F
:10984000A5001025142534252C251C2500253C2594
:10985000E300C3005A255425692566256025502557
:109860006C25A400F000D000CA00CB00C800310174
:10987000CD00CE00CF0018250C2588258425A60014
:10988000CC008025D300DF00D400D200F500D50045
:10989000B500FE00DE00DA00DB00D900FD00DD00CF
:1098A000AF00B400AD00B1001720BE00B600A700A5
:1098B000F700B800B000A800B700B900B300B200CC
:1098C000A025A0001000024008000240000802404D
:1098D00000000B002800024008000240040802407B
:1098E00006010C0040000240080002400808024047
:1098F00010020D0058000240080002400C0802400F
:1099000016030E00700002400C00024010080240D6
:1099100000040F00880002400C00024014080240BE
:1099200006051000A00002400C000240180802408A
:1099300010061100B80002400C0002401C08024052
:1099400016072F00100402400804024020080240BD
:10995000000838002804024008040240240802409D
:109960000609390040040240080402402808024069
:10997000100A3A0058040240080402402C08024031
:10998000160B3B00700402400C04024030080240F9
:10999000000C3C00880402400C04024034080240E1
:1099A000060D4400A00402400C04024038080240A6
:1099B000100E4500B80402400C0402403C0802406E
:1099C000160F460001000000000000000096000095
:1099D0000000000000000000000000000000000087
:1099E0000000000000000000D96D0008DD6D0008D7
:1099F000495900080D590008015800082D58000861
:109A000059580008A1570008000000007D5C0008BC
:109A1000695C0008A55C0008915C00089D5C00087A
:109A2000895C0008755C0008615C0008B15C000896
:109A300000000000955D0008815D0008BD5D000824
:109A4000A95D0008B55D0008A15D00088D5D0008F6
:109A5000795D0008155E00080000000001000000AC
:109A60000000000063300000649A0008000000005D
:109A700000000000E0460020104900200000806A3D
:109A800000020000AAAAAAAA00000064FFFF0000CA
:109A90000000000000A00A00000200A0000000007A
:109AA000AAAAAAAA00010050FFFF000000000900B6
:109AB000000000990000000600000000AAAAAAAA5F
:109AC00000000001FFFF000000000000000008008F
:109AD00020A00A0000000000AAAAAAAA10400500BF
:109AE000FFFF0000000800BB770000000015020027
:109AF00030000000AAAAAAAA00000100FFFF00008F
:109B0000000000000700000000200000000000002E
:109B1000AAAAAAAA00100000FFFF00000000000788
:109B2000000000000041900000000000AAAAAAAABC
:109B300000404000EFFB00000000000000A000001B
:109B40000004000000000000AAAAAAAA0004000065
:109B5000FFFF0000000000000000000000011400F2
:109B600000000000AAAAAAAA00011400FFFF00003A
:109B700000000000000000000000000000000000E5
:109B8000AAAAAAAA00000000FFFF0000000000002F
:109B9000000000000000000000000000AAAAAAAA1D
:109BA00000000000FFFF00000000000000000000B7
:109BB0004172647550696C6F740025424F41524484
:109BC000252D424C002553455249414C25000000AB
:109BD0000200000000000000BD5F000839600008BE
:109BE00040004000C0610020D06100200200000061
:109BF0000000000003000000000000008560000875
:109C00000000000010000000E061002000000000E3
:109C100001000000000000003C650020010102007E
:109C2000D56E0008E56D0008816E0008656E0008BD
:109C300043000000389C000809024300020100C0F4
:109C40003209040000010202010005240010010590
:109C500024010001042402020524060001070582F4
:109C6000030800FF09040100020A000000070501C3
:109C700002400000070581024000000012000000C1
:109C8000849C000812011001020000400912415793
:109C900000020102030100000403090425424F41B0
:109CA000524425004E657742656544726F6E655F6C
:109CB0007069786E6F766100303132333435363703
:109CC000383941424344454600000000000000206E
:109CD000000002000200000000000030000004004C
:109CE000080000000000002400000800040000003C
:109CF0000004000000FC000002000000000004302E
:109D00000080000008000000000000380000010092
:109D1000010000001F1C1F1E1F1E1F1F1E1F1E1FD5
:109D20001F1D1F1E1F1E1F1F1E1F1E1F00000000C5
:109D300019620008C164000859650008400040002D
:109D40007466002074660020010000008466002014
:109D50008000000040010000080000000001000039
:109D6000001000000800000069646C65000000003D
:109D70006D61696E002C0638040438080C10141C40
:109D800020242526000000000000640401000400D7
:109D900000000000000C001028303400CC66FF7F6B
:109DA00001000000FFFFFFFF0C1700000000000093
:109DB00000001C0000000000FF0000001849002007
:109DC000F83900208C3900202039002000000000E4
:109DD000F093000883040000FB9300085004000087
:109DE0000994000801000000000000000096000037
:109DF00000000800960000000008000004000000B9
:109E0000989C000800000000000000000000000016
:0C9E100000000000000000000000000046
:00000001FF
